Route Code,Destination AD,Fly along,
ZBAA-AGAVO-01,CYMX CYUL CYVR CYYZ KBFI KBWI KDAL KDCA KDET KDFW KDTW KEWR KIAD KJFK KLAS KLAX KLGA KMDW KMEM KORD KPAE KSEA KSFO KSJC KYIP MMTJ NZAA PAED PANC PGSN PGUA PGUM PHNL RJAA RJBB RJCA RJCC RJCH RJCO RJEC RJFF RJGG RJNA RJOO RJTT RJTY RKJB RKJJ RKPC RKPK RKSI RKSM RKSS RKTN RKTU ROAH RONA YBBN YSSY,MUGLO W34 VAPGU W100 ORAVA W201 UNSEK A326 DONVO G597 AGAVO,
ZBAA-ARGUK-01,CYMX CYUL CYVR CYYC CYYZ KBFI KBOS KBWI KDAL KDCA KDET KDFW KDTW KEWR KHIO KHOU KIAD KIAH KJFK KLAS KLAX KLGA KMDW KMEM KORD KPAE KPDX KPHL KPIT KSEA KSFO KSJC KYIP MMTJ PAED PANC PGUA PGUM PHNL UHHH UHPP,DOTRA B334 TGO G212 ARGUK,
ZBAA-BISUN-01,RJAA RJBB RJOO RJTT RJTY UHSS UHWW,DOTRA B334 TGO G341 WQG B451 BISUN,
ZBAA-GOLOT-01,ZKPY,DOTRA B334 KAKAT W31 CHG A575 BIDIB A345 GOLOT,
ZBAA-INTIK-01,DAAA DAAG EBBR EBCI EDDB EDDF EDDL EDDM EDDT EDDV EDFH EFHK EGAE EGCC EGGW EGKK EGLL EGPF EGPH EGSS EHAM EIDW EKCH EKRK ELLX ENFB ENGM EPWA ESKN ESOW ESSA ESSB HLLT KBHM LEBL LEMD LETO LEZG LFAT LFMN LFPB LFPG LFPO LGAV LHBP LIMB LIMC LIML LIPZ LIRA LIRF LKPR LOWW LPPT LRBS LROP LSGG LSZH LYBE LYBT UAAA UACC UHPP UIII UIUU UKBB UKBU UKKK UKKM ULLI UMMS UNKL UNNT UNOO URKK URSS USCC USSS UUDD UUEE UUMO UUWW UWUU ZMUB,IDKEX B339 ASILA A575 INTIK,
ZBAA-KAMUD-01,FNLU HSSS LLBG OIIE OIII OTBD OTHH UAFF UAFO UAFU UBBB UCFM UTAA UTDD UTTT,IDKEX B339 ASILA A575 UPREK W28 ATBUG W66 NUKTI B215 KABDO W119 LIMDO A468 KAMUD,
ZBAA-LAMEN-01,CYMX CYUL CYVR CYYZ KBFI KBWI KDAL KDCA KDET KDFW KDTW KEWR KIAD KJFK KLAS KLAX KLGA KMDW KMEM KOAK KORD KPAE KPTK KSEA KSFO KSJC KYIP MMTJ NZAA PAED PANC PGSN PGUA PGUM PHNL ROAH RONA,ELKUR W40 YQG W142 DALIM A593 PK W116 JTN G327 LAMEN,
ZBAA-POLHO-01,CYMX CYUL CYVR CYYC CYYZ EDDF EFHK KBFI KBOS KBWI KDAL KDCA KDET KDFW KDTW KEWR KHIO KHOU KIAD KIAH KJFK KLAS KLAX KLGA KMDW KMEM KORD KPAE KPDX KPHL KSEA KSFO KSJC KYIP LFAT LFPB LFPG LFPO MMTJ PAED PANC PGUA PGUM PHNL,IDKEX B339 POLHO,
ZBAA-PURPA-01,EBBR EBCI FNLU HAAB HSSS LTBA LTFJ OBBI OBBS OERK OERY OKBK OMAA OMAD OMDB OMDW OMSJ OOMS OPIS OPKC OPLA ORBI ORMM OTBD OTHH VIDP,IDKEX B339 ASILA A575 UPREK W28 ATBUG W66 NUKTI B215 IBANO W187 MAGIV B215 PURPA,
ZBAA-PURPA-02,EBBR EBCI FNLU HAAB HSSS LTBA LTFJ OBBI OBBS OERK OERY OKBK OMAA OMAD OMDB OMDW OMSJ OOMS OPIS OPKC OPLA ORBI ORMM OTBD OTHH VIDP,IDKEX B339 ASILA A575 UPREK W28 ATBUG W66 NUKTI B215 IBANO W187 TUSLI W112 PURPA,
ZBAA-RULAD-01,HEGN HESN LLBG LTBA LTFJ OIIE OIII OTBD OTHH UAAA UAFF UAFU UAII UCFM UTTT,IDKEX B339 ASILA A575 UPREK W28 ATBUG W66 NUKTI B215 KABDO W119 GOBOK A343 RULAD,
ZBAA-SARIN-01,EDDF EDDM EHAM ELLX EPWA HECA HLLT HSSS LFAT LFPB LFPG LFPO LIPZ LLBG LOWW LSZH LTBA LTFJ OEJN OEMA OIIE OIII OMAA OMAD OMDB OMDW ORMM UAAA UACC UAFF UAFU UBBB UCFM UKBB UKBB UKBU UKKK UKKM UTAA UTAV,IDKEX B339 ASILA A575 UPREK W28 ATBUG W66 NUKTI B215 FKG A368 SARIN,
ZBAA-SIMLI-01,CYMX CYUL CYVR CYYZ KBFI KBOS KBWI KDAL KDCA KDET KDFW KDTW KEWR KHIO KHOU KIAD KIAH KJFK KLAS KLAX KLGA KMDW KMEM KORD KPAE KPDX KPHL KPIT KSEA KSFO KSJC KYIP MMTJ PAED PANC PGUA PGUM PHNL UEEE,DOTRA B334 TGO G212 HRB A588 SIMLI,
ZBAA-TAMOT-01,NZAA RPLL RPMM RPVK RPVM VDSA VDSR VVCR VVTS WADD WAMM WBKK WBSB WIDD WIHH WIII WMKJ WMKK WSAP WSSL WSSS YBBN YMML YSSY,RUSDO W45 IPLEV B458 DADGA W37 OMBEB R473 WYN W18 TAMOT,
ZBAA-TELOK-01,UIAA,DOTRA B334 TGO W27 IKITI A345 TELOK,
ZBAD-AGAVO-01,KDAL KDFW PGSN RJAA RJBB RJCC RJCO RJFF RJGG RJNA RJOO RJTT RJTY RKPC RKPK RKSI RKSM RKSS,MUGLO W34 VAPGU W100 ORAVA W201 UNSEK A326 DONVO G597 AGAVO,
ZBAD-ARGUK-01,KBFI KDET KDTW KPAE KSEA KYIP UHHH,DOTRA B334 TGO G212 ARGUK,
ZBAD-BISUN-01,UHWW,DOTRA B334 TGO G341 WQG B451 BISUN,
ZBAD-INTIK-01,EDDF EFHK EGAE EGGW EGKK EGLL EGSS EHAM EPWA GMMN LFAT LFPB LFPG LFPO LPPT LSZH LTBA LTFJ UIII UIUU ULLI UNKL UNNT USSS UUDD UUEE UUMO UUWW ZMUB,IDKEX B339 ASILA A575 INTIK,
ZBAD-KAMUD-01,OMDB OMDW UTTT,IDKEX B339 ASILA A575 UPREK W28 ATBUG W66 NUKTI B215 KABDO W119 LIMDO A468 KAMUD,
ZBAD-LINSO-01,OEJN OERK OERY VNKT VYMD VYYY,OMDEK W37 DUBAS R343 WHA A581 QNX W136 XISLI A581 SGM A599 LINSO,
ZBAD-NONIM-01,VNKT,PEGSO B215 GODON W43 ATERI W193 WJC G212 JTG W236 CTU B213 LXA B345 NONIM,
ZBAD-POLHO-01,KBFI KDET KDTW KPAE KSEA KYIP,IDKEX B339 POLHO,
ZBAD-PURPA-01,OMDB OMDW,IDKEX B339 ASILA A575 UPREK W28 ATBUG W66 NUKTI B215 IBANO W187 MAGIV B215 PURPA,
ZBAD-PURPA-02,OMAA OMAD OTBD OTHH,IDKEX B339 ASILA A575 UPREK W28 ATBUG W66 NUKTI B215 IBANO W187 TUSLI W112 PURPA,
ZBAD-SARIN-01,EGAE EGGW EGKK EGLL EGSS EHAM EPWA GMMN LTBA LTFJ,IDKEX B339 ASILA A575 UPREK W28 ATBUG W66 NUKTI B215 FKG A368 SARIN,
ZBAD-SIMLI-01,KBFI KDET KDTW KPAE KSEA KYIP,DOTRA B334 TGO G212 HRB A588 SIMLI,
ZBAD-TAMOT-01,RPLL RPMM RPVK VDPP VVCR VVDN VVNB VVTS WADD WAMM WBKK WBSB WMKK WSAP WSSL WSSS,OMDEK W37 OMBEB R473 WYN W18 TAMOT,
ZBDS-AGAVO-01,RJBB RJOO,OMDIS W104 LEBOM B215 GODON W87 PARTU G212 VYK W34 VAPGU W100 ORAVA W201 UNSEK A326 DONVO G597 AGAVO,
ZBDS-INTIK-01,UIII,ALGOV W101 VALNI W64 UBRAG W84 HET W32 INTIK,
ZBDS-KATBO-01,VVCR VVNB VVTS,YLX W193 WJC G212 SGM A599 ADBAG R471 KATBO,
ZBDS-MORIT-01,EDFH UNNT,ALGOV W193 EGILO W69 DKO W66 GOBIN B330 MORIT,
ZBDS-MORIT-02,USSS,HDS W48 DKO W66 GOBIN B330 MORIT,
ZBDS-NIXAL-01,UIII ZMUB,ALGOV W101 VALNI W64 UBRAG W84 HET B208 NIXAL,
ZBDS-SAGAG-01,VDSA VDSR VTBD VTBS VTSP WIDD,YLX W193 WJC G212 SGM A581 SAGAG,
ZBHH-AGAVO-01,RJBB RJGG RJNA RJOO RKPC RKSI RKSM RKSS,LUGVU W69 HUR B339 LADIX W34 VAPGU W100 ORAVA W201 UNSEK A326 DONVO G597 AGAVO,
ZBHH-ARGUK-01,PAED PANC,TMR W86 KAKAT B334 TGO G212 ARGUK,
ZBHH-INTIK-01,UIII UUDD UUEE UUMO UUWW ZMUB,TMR B458 LHT A575 INTIK,
ZBHH-NIXAL-01,UIBB ULLI UNNT UUDD UUEE UUMO UUWW,TMR G343 NIXAL,
ZBHH-SARIN-01,UUDD UUEE UUMO UUWW,DUDIL W69 DKO W66 NUKTI B215 FKG A368 SARIN,
ZBHH-TAMOT-01,VVCR VVDN,TODAM B208 CGO W129 KAMDA W128 DUDBI W37 OMBEB R473 WYN W18 TAMOT,
ZBLA-SARUL-01,ZMCD ZMUB,HLD A345 KAGAK G338 SARUL,
ZBLA-TELOK-01,UIAA UIII UIUU,HLD A345 TELOK,
ZBMZ-SARUL-01,ZMUB,MZL W606 IKARU G338 SARUL,
ZBMZ-TELOK-01,UIAA UIII UIUU UNAA UNBB UNKL UNNT,MZL W539 MANLI A345 TELOK,
ZBSJ-AGAVO-01,RJAA RJBB RJFS RJGG RJNA RJNS RJOO RJTT RJTY RKPC RKPK RKSI RKSM RKSS RKTU,AREKU W640 BELAX G212 VYK W34 VAPGU W100 ORAVA W201 UNSEK A326 DONVO G597 AGAVO,
ZBSJ-INTIK-01,UIII UIUU UNKL,ADBES B215 EKETA B208 HET W32 INTIK,
ZBSJ-LAMEN-01,RORS,UKMIS W562 OVNUG W40 YQG W142 DALIM A593 PK W116 JTN G327 LAMEN,
ZBSJ-LINSO-01,VYMD VYYY,ADBES B215 GODON W43 ATERI W193 WJC G212 SGM A599 LINSO,
ZBSJ-NIXAL-01,EETN ULLI UNNT UUDD UUEE UUMO UUWW,ADBES B215 EKETA B208 NIXAL,
ZBSJ-TAMOT-01,VVCR VVDN,UKMIS W624 OTKAB W37 OMBEB R473 WYN W18 TAMOT,
ZBTJ-AGAVO-01,KLAX NZAA PAED PANC PGSN PGUA PGUM RJAA RJAH RJBB RJBD RJCA RJCB RJCC RJCH RJCO RJEC RJFF RJFR RJFS RJFU RJGG RJNA RJNS RJNT RJOO RJSA RJTT RJTY RKJB RKNW RKNY RKPC RKPK RKPS RKSI RKSM RKSS RKTN ROAH RONA YSSY,MUGLO W34 VAPGU W100 ORAVA W201 UNSEK A326 DONVO G597 AGAVO,
ZBTJ-ARGUK-01,CYVR KEWR KJFK KLGA KMDW KORD KPIT PAED PANC UHHH,MUGLO W34 VAPGU W100 ORAVA W201 UNSEK A326 MAKNO W106 UDETI A588 HRB G212 ARGUK,
ZBTJ-BISUN-01,UHWW,MUGLO W34 VAPGU W100 ORAVA W201 UNSEK A326 MAKNO W106 UDETI A588 LJB G341 WQG B451 BISUN,
ZBTJ-INTIK-01,EBBR EBCI EBLG EDDF EDDM EDFH EETN EGAE EGCC EGGW EGKK EGLL EGSS EHAM EKCH EKRK ELLX ESKN ESOW ESSA ESSB EYKA LEMD LETO LEZG LFAT LFBO LFPB LFPG LFPO LIBD LIMB LIMC LIML LOWW UIBB UIII UKBB UKBU UKKK UKKM UNBB UNKL UNNT USSS UUDD UUEE UUMO UUWW UWLW UWUU UWWW ZMUB,IDKEX B339 ASILA A575 INTIK,
ZBTJ-KAMUD-01,UAFO UTSA UTTT,IDKEX B339 ASILA A575 UPREK W28 ATBUG W66 NUKTI B215 KABDO W119 LIMDO A468 KAMUD,
ZBTJ-LINSO-01,VYMD VYYY,OMDEK W37 DUBAS R343 WHA A581 QNX W136 XISLI A581 SGM A599 LINSO,
ZBTJ-PURPA-01,OMAA OMAD OMDB OMDW OMSJ,IDKEX B339 ASILA A575 UPREK W28 ATBUG W66 NUKTI B215 IBANO W187 MAGIV B215 PURPA,
ZBTJ-PURPA-02,OMAA OMAD OMDB OMDW OMSJ,IDKEX B339 ASILA A575 UPREK W28 ATBUG W66 NUKTI B215 IBANO W187 TUSLI W112 PURPA,
ZBTJ-RULAD-01,UAAA UTTT,IDKEX B339 ASILA A575 UPREK W28 ATBUG W66 NUKTI B215 KABDO W119 GOBOK A343 RULAD,
ZBTJ-SAGAG-01,VTCA VTCC VTCT VYYY,OMDEK W37 DUBAS R343 WHA A581 QNX W136 XISLI A581 SAGAG,
ZBTJ-SARIN-01,EBBR EBCI EPWA LEMD LETO LYBE LYBT UACC UBBB UKBB UKBU UKKK UKKM,IDKEX B339 ASILA A575 UPREK W28 ATBUG W66 NUKTI B215 FKG A368 SARIN,
ZBTJ-SIMLI-01,CYVR KEWR KJFK KLGA KPIT,MUGLO W34 VAPGU W100 ORAVA W201 UNSEK A326 MAKNO W106 UDETI A588 SIMLI,
ZBTJ-TAMOT-01,NZAA RPLL RPMM RPVK RPVP VVCR WADD WAMM WBKK WMKK WSAP WSSL WSSS YSSY,OMDEK W37 OMBEB R473 WYN W18 TAMOT,
ZBTJ-TEBAK-01,FMEE VDPP VDSA VDSR VDSV VTBD VTBS VTBU VTSG VTSP VVCI VVCR VVDL VVDN VVPQ WIDD,OMDEK W37 OLMIB W83 GOSMA R343 WUY R474 TEBAK,
ZBTJ-TOMUK-01,ZKPY,MUGLO W34 VAPGU W100 ORAVA W201 UNSEK A326 SANKO B332 TOMUK,
ZBYN-AGAVO-01,RJAA RJBB RJNS RJOO RJSN RJTT RJTY RKJB RKPC RKSI RKSM RKSS,TYN W87 PARTU G212 VYK W34 VAPGU W100 ORAVA W201 UNSEK A326 DONVO G597 AGAVO,
ZBYN-ARGUK-01,KSFO,TYN W87 PARTU G212 SOTMU B339 HUR B334 TGO G212 ARGUK,
ZBYN-BISUN-01,UHWW,TYN B208 HET G218 TMR W86 KAKAT B334 TGO G341 WQG B451 BISUN,
ZBYN-LINSO-01,VYMD VYYY,TYN W87 GODON W43 ATERI W193 WJC G212 SGM A599 LINSO,
ZBYN-NIXAL-01,CYYZ UNKL UUDD UUEE UUMO UUWW,TYN B208 NIXAL,
ZBYN-SAGAG-01,VTBD VTBS VTBU VTSG,TYN W87 GODON W43 ATERI W193 WJC G212 SGM A581 SAGAG,
ZBYN-TAMOT-01,VVCR VVDN WADD WSAP WSSL WSSS,BISAL W175 BIVAT W210 PADNO B208 CGO W129 KAMDA W128 DUDBI W37 OMBEB R473 WYN W18 TAMOT,
ZGDY-KATBO-01,VVDN VVNB VVTS,DYG W140 HUY A581 QNX W136 XISLI A581 SGM A599 ADBAG R471 KATBO,
ZGDY-LAMEN-01,RJBB RJFF RJOO RKJB RKNY RKPK RKSI RKSM RKSS RKTN RKTU,DYG W141 LIN A581 WHA R343 PK W116 JTN G327 LAMEN,
ZGDY-TAMOT-01,RPLL RPMM VVTS,DYG W138 LLC W46 VIKEB W37 OMBEB R473 WYN W18 TAMOT,
ZGDY-TEBAK-01,VTBD VTBS VVNB WMKK WMKP,DYG W138 LLC R343 WUY R474 TEBAK,
ZGGG-ARGUK-01,CYVR KBFI KEWR KIND KJFK KLAX KLGA KMDW KMEM KORD KPAE KSEA KSFO PAED PANC UHHH,MIKIP A461 BUBDA W56 VYK G212 SOTMU B339 HUR B334 TGO G212 ARGUK,
ZGGG-ASSAD-01,FIMP FMEE HKJK VCBI VCCC VDPP VDSA VDSR VDSV VLPS VLVT VRMM VTBD VTBS VTBU VTSB VTSG VTSM VTSP VVPQ WMKL WSAP WSSL WSSS,VIBOS R473 ZUH R200 BIGRO G221 SAMAS A202 ASSAD,
ZGGG-ASSAD-02,HKJK VTBD VTBS VTSG VVNB,VIBOS R473 SIERA SIKOU A202 ASSAD,
ZGGG-BUNTA-01,VVDN,VIBOS R473 SIERA IKELA A1 BUNTA,
ZGGG-INTIK-01,UIII,MIKIP A461 BUBDA W56 OBMEP B208 HET W32 INTIK,
ZGGG-KAMUD-01,OIIE OIII UTDD UTSA UTTT,AGVIL W24 OSNOV G586 QP B330 ELKAL W179 OMBON B330 SUNUV W197 ANDIM B215 IBANO G470 AKLAS W192 FKG B215 KABDO W119 LIMDO A468 KAMUD,
ZGGG-LAMEN-01,CYVR CYYZ KBFI KEWR KIND KJFK KLAX KLGA KMDW KMEM KORD KPAE KSEA KSFO PAED PANC RJAA RJAH RJBB RJCC RJCO RJFF RJGG RJNA RJOO RJTT RJTY RKPC RKPK RKSI RKSM RKSS ROAH RONA,LMN G471 PLT A599 JTN G327 LAMEN,
ZGGG-LINSO-01,DAAG EDDF FMEE FNLU FVHA HAAB HECA HKJK LLBG LTBA LTFJ OEJN OERK OERY OIIE OIII OKBK OMAA OMAD OMDB OMDW OMSJ OOMS OPIS OPLA ORBI ORER OTBD OTHH VABB VECC VGEG VGHS VIDP VLVT VNKT VOHY VOMM VYMD,VIBOS R473 ZUH R200 LH R339 BSE A599 LINSO,
ZGGG-MORIT-01,EBBR EBCI EDDF EFHK EGAE EGCC EGGW EGKK EGLL EGSS EHAM LEMD LETO LFAT LFPB LFPG LFPO LIMB LIMC LIML LIRA LIRF,AGVIL W24 OSNOV G586 QP B330 ELKAL W179 OMBON B330 MORIT,
ZGGG-NIXAL-01,EBLG EDDF EFHK EGAE EGCC EGGW EGKK EGLL EGSS EHAM LEMD LETO LFAT LFPB LFPG LFPO LIMB LIMC LIML LIRA LIRF LOWW UIII ULLI UNAA UNKL UNNT USSS UUDD UUEE UUMO UUWW UWUU ZMUB,MIKIP A461 BUBDA W56 OBMEP B208 NIXAL,
ZGGG-POLHO-01,CYYZ KBFI KEWR KIND KJFK KLAX KLGA KMDW KMEM KORD KPAE KSEA KSFO PAED PANC,MIKIP A461 BUBDA W56 OBMEP B208 HET G218 POLHO,
ZGGG-RULAD-01,UAAA UAFF UAFU UCFM UTTT,AGVIL W24 OSNOV G586 QP B330 ELKAL W179 OMBON B330 SUNUV W197 ANDIM B215 IBANO G470 AKLAS W192 FKG B215 KABDO W119 GOBOK A343 RULAD,
ZGGG-SARIN-01,EBBR EBCI EBLG EDDF EDDK EFHK EGAE EGCC EGGW EGKK EGLL EGSS EHAM EHBK LEMD LETO LFAT LFPB LFPG LFPO LGAV LIMB LIMC LIML LIRA LIRF LLBG LOWW LTBA LTFJ UACC UUDD UUEE UUMO UUWW,AGVIL W24 OSNOV G586 QP B330 ELKAL W179 OMBON B330 SUNUV W197 ANDIM B215 IBANO G470 AKLAS W192 FKG A368 SARIN,
ZGGG-SARIN-02,EBBR EBCI EGCC LLBG UUDD UUEE UUMO UUWW,AGVIL W24 OSNOV G586 QP B330 ELKAL W179 OMBON B330 GOBIN W66 NUKTI B215 FKG A368 SARIN,
ZGGG-SIERA-01,HAAB KSFO NFFN NZAA NZCH PGSN RKSI RKSM RKSS ROAH RONA RPLB RPLC RPLI RPLL RPMM RPVE RPVK RPVM VDPP VDSA VDSR VDSV VVCR VVDN VVTS WADD WAMM WBKK WBKK WBSB WIDD WIHH WIII WMKJ WMKK WMKL WMKM WMKP WRSJ WSAP WSSL WSSS YBBN YBCS YMML YPAD YPPH YSSY,VIBOS R473 SIERA,
ZGGG-SIMLI-01,CYVR CYYZ KBFI KEWR KIND KJFK KLAX KLGA KMDW KMEM KORD KPAE KSEA KSFO PAED PANC,MIKIP A461 BUBDA W56 VYK G212 SOTMU B339 HUR B334 TGO G212 HRB A588 SIMLI,
ZGGG-TEBAK-01,OTBD OTHH VIDP VLLB VLVT VTCA VTCC VTCT VVCI VVDN VVNB VYYY,VIBOS R473 ZUH R200 LH R339 WUY R474 TEBAK,
ZGGG-TOMUK-01,ZKPY,LMN G471 PLT A599 JTN G327 TONIX A326 SANKO B332 TOMUK,
ZGHA-AGAVO-01,RKSI RKSM RKSS,OPORU W56 VADMO W4 IKEKA A591 AGAVO,
ZGHA-ARGUK-01,KLAX KSFO PAED PANC,OPORU W56 VYK G212 SOTMU B339 HUR B334 TGO G212 ARGUK,
ZGHA-BISUN-01,UHWW,OPORU W56 VYK G212 SOTMU B339 HUR B334 TGO G341 WQG B451 BISUN,
ZGHA-LAMEN-01,PAED PANC RJAA RJAH RJBB RJBD RJOO RJTT RJTY RKPK RKSI RKSM RKSS,OPORU W56 IDPOG A581 WHA R343 PK W116 JTN G327 LAMEN,
ZGHA-LINSO-01,OPIS VIDP VNKT VOMM VYMD VYYY,LLC W138 DYG W140 HUY A581 QNX W136 XISLI A581 SGM A599 LINSO,
ZGHA-NIXAL-01,EBBR EBCI EBLG EDDF ULLI UNNT UUDD UUEE UUMO UUWW,OPORU W56 OBMEP B208 NIXAL,
ZGHA-TAMOT-01,NZAA PGSN RPLC RPLL RPMM RPVE RPVK RPVM VVCR VVDN VVTS WADD WADL WAMM WBKK WBSB WIDD WIHH WIII WMKJ WMKK WMKL WMKP WSAP WSSL WSSS YMML YSSY,APESO W615 IDAXI R473 WYN W18 TAMOT,
ZGHA-TEBAK-01,HKJK VDPP VDSA VDSR VDSV VLLB VLVT VTBD VTBS VTBU VTCA VTCC VTCT VTSB VTSG VTSP VVCI VVCR VVNB VVTS VVVD,PUKAD R343 WUY R474 TEBAK,
ZGKL-LAMEN-01,RJBB RJFF RJOO RKSI RKSM RKSS,ONEMI R343 GOSMA W82 UPMAT W56 IDPOG A581 WHA R343 PK W116 JTN G327 LAMEN,
ZGKL-TAMOT-01,WADD,QP B330 TAMOT,
ZGKL-TEBAK-01,VDSA VDSR VTBD VTBS VTSG VTSP VVTS WIHH WIII WMKK WSAP WSSL WSSS,MOTOM W2 LBN R343 WUY R474 TEBAK,
ZGNN-BUNTA-01,WADD,WUY R339 BHY W70 NYB G221 BUNTA,
ZGNN-LAMEN-01,RJAA RJBB RJNS RJOO RJTT RJTY RKPC RKSI RKSM RKSS,WUY R343 GOSMA W82 UPMAT W56 IDPOG A581 WHA R343 PK W116 JTN G327 LAMEN,
ZGNN-LINSO-01,VYYY,WUY R339 BSE A599 LINSO,
ZGNN-TAMOT-01,RPLL RPMM,WUY R474 GYA B330 TAMOT,
ZGNN-TEBAK-01,VDPP VDSA VDSR VLVT VTBD VTBS VTBU VTCC VTSG VTSP VVCR VVDN VVNB VVTS VYYY WIHH WIII WMKK WSAP WSSL WSSS,WUY R474 TEBAK,
ZGOW-LAMEN-01,RJBB RJGG RJNA RJNS RJOO RKPC RKSI RKSM RKSS RORS,VETIB W155 TEBON A470 TOL A599 JTN G327 LAMEN,
ZGOW-MAGOG-01,RPLL RPMM RPVK RPVM VDPP VDSA VDSR VDSV VTBD VTBS VTSG VTSP VVCR VVDN WADD WBKK WBSB WMKK WMKP WSAP WSSL WSSS,DOTMI A470 MAGOG,
ZGSZ-ARGUK-01,CYVR KBFI KBOS KEWR KJFK KLAX KLGA KMDW KORD KPAE KSEA PAED PANC,MIPAG W21 NUSLA W22 YIN A461 BUBDA W56 VYK G212 SOTMU B339 HUR B334 TGO G212 ARGUK,
ZGSZ-ASSAD-01,FIMP VLVT VOBG VOBL VOMM VRMM VTBD VTBS VTCA VTCC VTCT VTSB VTSG VTSP WMKP,NLG W23 ZUH R473 SIERA SIKOU A202 ASSAD,
ZGSZ-ASSAD-02,FAOR HKJK VDPP VDSV VTBD VTBS VTBU VTSP,NLG W23 ZUH R200 BIGRO G221 SAMAS A202 ASSAD,
ZGSZ-BISUN-01,UHWW,MIPAG W21 NUSLA W22 YIN A461 BUBDA W56 VYK G212 SOTMU B339 HUR B334 TGO G341 WQG B451 BISUN,
ZGSZ-GOPTO-01,ELLX,MIPAG W21 NUSLA W22 TEPID W24 OSNOV G586 QP B330 ELKAL W179 OMBON B330 SUNUV W197 ANDIM B215 IBANO G470 AKLAS W192 FKG G588 NIRAV B206 GOPTO,
ZGSZ-GOPTO-02,ELLX,MIPAG W21 NUSLA W22 TEPID W24 OSNOV G586 QP B330 ELKAL W179 OMBON B330 SUNUV W197 ANDIM B215 IBANO G470 QTV W190 ADPET B206 GOPTO,
ZGSZ-INTIK-01,UIII,MIPAG W21 NUSLA W22 YIN A461 BUBDA W56 OBMEP B208 HET W32 INTIK,
ZGSZ-LAMEN-01,CYVR KBFI KLAX KMDW KMEM KORD KPAE KSEA MMMX MMTJ PAED PANC RJAA RJAH RJBB RJCC RJCO RJFF RJFS RJGG RJNA RJNS RJOO RJSS RJTT RJTY RKPC RKPK RKSI RKSM RKSS ROAH RONA,KEVAR W501 IDUMA W22 SHL G471 PLT A599 JTN G327 LAMEN,
ZGSZ-LAMEN-02,KBFI KPAE KSEA,GUBLO R200 BEBEM A470 LJG B221 DST W117 BEGMO W13 LASAN G327 LAMEN,
ZGSZ-LINSO-01,HECA HKJK LLBG OBBI OBBS OERK OERY OIIE OIII OMDB OMDW OMSJ OPKC OPLA VABB VECC VGHS VIDP VNKT VOMM VYMD VYYY,NLG KIBAS R200 LH R339 BSE A599 LINSO,
ZGSZ-LKC-01,RJCC RJCO RPLB RPLC RPLL RPMM VVTS WBKK WIHH WIII WMKK WMKP WMSA WSAP WSSL WSSS YMML YSSY,ZGSZ LKC,
ZGSZ-MORIT-01,EBBR EBCI EDDF EGAE EGGW EGKK EGLL EGSS EHAM EIDW GMMN LEBL LEMD LETO LFAT LFPB LFPG LFPO LIRA LIRF LOWW LSZH,MIPAG W21 NUSLA W22 TEPID W24 OSNOV G586 QP B330 ELKAL W179 OMBON B330 MORIT,
ZGSZ-NIXAL-01,EBBR EBCI EBLG EDDF EDDM EGAE EGGW EGKK EGLL EGSS EHAM EIDW LHBP LIRA LIRF ULLI UNAA UNKL UNNT UUDD UUEE UUMO UUWW UWLW,MIPAG W21 NUSLA W22 YIN A461 BUBDA W56 OBMEP B208 NIXAL,
ZGSZ-POLHO-01,EHAM KBOS KEWR KJFK KLGA,MIPAG W21 NUSLA W22 YIN A461 BUBDA W56 OBMEP B208 HET G218 POLHO,
ZGSZ-RULAD-01,EDAC EDDP UAAA UAFF UAFU UCFM UTTT,MIPAG W21 NUSLA W22 TEPID W24 OSNOV G586 QP B330 ELKAL W179 OMBON B330 SUNUV W197 ANDIM B215 IBANO G470 AKLAS W192 FKG B215 KABDO W119 GOBOK A343 RULAD,
ZGSZ-SARIN-01,EBBR EBCI EDDF EGAE EGGW EGKK EGLL EGSS EIDW GMMN HECA HKJK LEBL LEMD LETO LFAT LFPB LFPG LFPO LGAV LIRA LIRF LKPR LLBG LOWW LSGG LSZH LTBA LTFJ LTFJ UAKK UUDD UUEE UUMO UUWW,MIPAG W21 NUSLA W22 TEPID W24 OSNOV G586 QP B330 ELKAL W179 OMBON B330 SUNUV W197 ANDIM B215 IBANO G470 AKLAS W192 FKG A368 SARIN,
ZGSZ-SARIN-02,URSS UTTT,KEVAR W501 IDUMA W22 TEPID W24 OSNOV G586 QP B330 ELKAL W179 OMBON B330 SUNUV W197 ANDIM B215 IBANO G470 AKLAS W192 FKG A368 SARIN,
ZGSZ-SARIN-03,EGAE EGGW EGKK EGLL EGSS GMMN HECA HKJK LEBL LEMD LETO LFAT LFPB LFPG LFPO LLBG LOWW LSZH OIIE OIII,MIPAG W21 NUSLA W22 TEPID W24 OSNOV G586 QP B330 ELKAL W179 OMBON B330 GOBIN W66 NUKTI B215 FKG A368 SARIN,
ZGSZ-SIERA-01,NZAA NZCH PAED PANC PGSN RJBB RJCC RJCO RJOO RKSI RKSM RKSS RPLB RPLC RPLI RPLL RPMM RPVE RPVK RPVM RPVP VDPP VDSA VDSR VDSV VVCR VVDN VVPQ VVTS WADD WAMM WBGG WBKK WBKK WBSB WIDD WIHH WIII WMKJ WMKK WMKL WMKP WMSA WSAP WSSL WSSS YBBN YBCS YMML YPDN YSSY,NLG W23 ZUH R473 SIERA,
ZGSZ-SIMLI-01,KBOS,MIPAG W21 NUSLA W22 YIN A461 BUBDA W56 VYK G212 SOTMU B339 HUR B334 TGO G212 HRB A588 SIMLI,
ZGSZ-TEBAK-01,VLLB VVCI VVNB VVVD VYMD VYNT VYYY,NLG KIBAS R200 LH R339 WUY R474 TEBAK,
ZHCC-AGAVO-01,CYVR KLAX PAED PANC RJBB RJNK RJOO RKSI RKSM RKSS RKTN,OKTOX W56 VADMO W4 IKEKA A591 AGAVO,
ZHCC-ARGUK-01,CYVR KLAX PAED PANC UHHH,OKTOX W56 VYK G212 SOTMU B339 HUR B334 TGO G212 ARGUK,
ZHCC-BISUN-01,UHWW,OKTOX W56 VYK G212 SOTMU B339 HUR B334 TGO G341 WQG B451 BISUN,
ZHCC-LAMEN-01,KLAX PAED PANC RJAA RJBB RJFR RJGG RJNA RJNS RJOO RJTT RJTY RKJB RKNY RKPC,RUMGU W594 EPGOS W128 FYG B208 HFE R343 PK W116 JTN G327 LAMEN,
ZHCC-LINSO-01,HAAB VABB VGHS VIDP VYMD VYYY,DUDBI W37 DUBAS R343 WHA A581 QNX W136 XISLI A581 SGM A599 LINSO,
ZHCC-NIXAL-01,EBBR EBCI EBLG EDAC EDDF EDDP EDFH EDOP EFHK EGAE EGGW EGKK EGLL EGSS EHAM ELLX LEMD LETO LHBP LIMB LIMC LIML LKPR UIUU ULLI UNKL UNNT USSS UUBW UUDD UUEE UUMO UUWW UWUU,NOPIN B208 NIXAL,
ZHCC-SARIN-01,EBBR EBCI EBLG LEMD LETO UAAA UBBB URSS UUDD UUEE UUMO UUWW,NOPIN B208 LAXAG W28 ATBUG W66 NUKTI B215 FKG A368 SARIN,
ZHCC-SIMLI-01,KEWR KJFK KLGA PAED PANC,OKTOX W56 VYK G212 SOTMU B339 HUR B334 TGO G212 HRB A588 SIMLI,
ZHCC-TAMOT-01,RPLL RPMM RPVE RPVK VVCR VVPQ VVTS WADD WAMM WBKK WBSB WIDD WSAP WSSL WSSS YMML YSSY,DUDBI W37 OMBEB R473 WYN W18 TAMOT,
ZHCC-TEBAK-01,VDPP VDSA VDSR VDSV VTBD VTBS VTBU VTCC VTSB VTSG VTSM VTSP VVCR VVDN VVNB WIHH WIII WMKK WSAP WSSL WSSS,DUDBI W37 OLMIB W83 GOSMA R343 WUY R474 TEBAK,
ZHHH-AGAVO-01,RKSI RKSM RKSS,BENBI W56 VADMO W4 IKEKA A591 AGAVO,
ZHHH-ARGUK-01,KSFO PAED PANC,BENBI W56 VYK G212 SOTMU B339 HUR B334 TGO G212 ARGUK,
ZHHH-BISUN-01,UHWW,BENBI W56 VYK G212 SOTMU B339 HUR B334 TGO G341 WQG B451 BISUN,
ZHHH-KAMUD-01,UAFF UAFU UCFM,BENBI W56 OBMEP B208 LAXAG W28 ATBUG W66 NUKTI B215 KABDO W119 LIMDO A468 KAMUD,
ZHHH-LAMEN-01,KEWR KJFK KLGA KSFO PAED PANC RJAA RJBB RJCC RJCO RJFF RJFR RJGG RJNA RJNS RJOB RJOO RJTT RJTY RKJB RKNY RKPC RKSI RKSM RKSS RKTU,BIVIP R343 PK W116 JTN G327 LAMEN,
ZHHH-LINSO-01,HAAB HKJK OMDB OMDW OPIS VABB VECC VGHS VIDP VOMM VYMD VYNT VYYY,GUGAM A581 QNX W136 XISLI A581 SGM A599 LINSO,
ZHHH-NIXAL-01,EBLG EDDF EGAE EGGW EGKK EGLL EGSS ELLX LFAT LFPB LFPG LFPO LIRA LIRF ULLI UNNT UUDD UUEE UUMO UUWW,BENBI W56 OBMEP B208 NIXAL,
ZHHH-POLHO-01,KEWR KJFK KLGA,BENBI W56 OBMEP B208 HET G218 POLHO,
ZHHH-RULAD-01,UAAA,BENBI W56 OBMEP B208 LAXAG W28 ATBUG W66 NUKTI B215 KABDO W119 GOBOK A343 RULAD,
ZHHH-SAGAG-01,VTCC,GUGAM A581 QNX W136 XISLI A581 SAGAG,
ZHHH-SARIN-01,UACC UAKK UATT UGTB URSS UTAK,BENBI W56 OBMEP B208 LAXAG W28 ATBUG W66 NUKTI B215 FKG A368 SARIN,
ZHHH-SIMLI-01,CYYZ KEWR KJFK KLGA,BENBI W56 VYK G212 SOTMU B339 HUR B334 TGO G212 HRB A588 SIMLI,
ZHHH-TAMOT-01,RPLL RPMM RPVE RPVK RPVM VDSA VDSR VVCR VVDL VVDN VVPQ VVTS WADD WAMM WBKK WBSB WIDD WIHH WIII WSAP WSSL WSSS YBCG YMML YSSY,OLMIB W37 OMBEB R473 WYN W18 TAMOT,
ZJHK-ASSAD-01,OIIE OIII VDSV VLLB VLVT VTBD VTBS VTBU VTCA VTCC VTCT VVCI VVTS VYMD VYNT VYYY WMKK WMKL WMKP WSAP WSSL WSSS,MLT SAMAS A202 ASSAD,
ZJHK-BUNTA-01,VDPP VDSA VDSR VDSV VTBU VTSP VVCR VVDN VVPQ VVTS WARR WBGG WBGR WBKK WBSB WIHH WIII WIMM WMKJ WMKK WMKL WMKP WSAP WSSL WSSS,NYB G221 BUNTA,
ZJHK-LAMEN-01,RJAA RJAH RJBB RJGG RJNA RJOO RJTT RJTY RKNY RKPK RKSI RKSM RKSS RKTU,MLT SAMAS A202 SIKOU BEKOL A461 SHL G471 PLT A599 JTN G327 LAMEN,
ZJHK-MORIT-01,ULLI UNNT USSS UUDD UUEE UUMO UUWW UWKD UWUU UWWW,AGTEL W71 LH R339 WUY R343 LBN W2 SJG B330 ELKAL W179 OMBON B330 MORIT,
ZJHK-RULAD-01,UAAA,AGTEL W71 LH R339 WUY R343 LBN W2 SJG B330 ELKAL W179 OMBON B330 GOBIN W66 NUKTI B215 KABDO W119 GOBOK A343 RULAD,
ZJHK-RULAD-02,UAAA,AGTEL W71 LH R339 WUY R343 LBN W2 SJG B330 ELKAL W179 OMBON B330 SUNUV W197 ANDIM B215 IBANO G470 AKLAS W192 FKG B215 KABDO W119 GOBOK A343 RULAD,
ZJHK-SARIN-01,URRP,AGTEL W71 LH R339 WUY R343 LBN W2 SJG B330 ELKAL W179 OMBON B330 GOBIN W66 NUKTI B215 FKG A368 SARIN,
ZJHK-SIKOU-01,NVVV NZAA RPLC RPLI RPLL RPMD RPMM WADD WMKK WSAP WSSL WSSS YMML YSSY,MLT SAMAS A202 SIKOU,
ZJHK-TEBAK-01,VTBD VTBS VVNB VYYY WMKK,AGTEL W71 LH R339 WUY R474 TEBAK,
ZJSY-ARGUK-01,UHBB UHHH,PORAP W222 SAMAS A202 SIKOU BEKOL A461 BUBDA W56 VYK G212 SOTMU B339 HUR B334 TGO G212 ARGUK,
ZJSY-BISUN-01,UHSS UHWW,PORAP W222 SAMAS A202 SIKOU BEKOL A461 BUBDA W56 VYK G212 SOTMU B339 HUR B334 TGO G341 WQG B451 BISUN,
ZJSY-BUNTA-01,UKBB UKBU UKKK UKKM URKK URRP VDPP VDSA VDSR VDSV VLLB VLVT VTBD VTBS VTBU VTCC VTSP VVCR VVDN VVPQ VVTS VYYY WARR WIHH WIII WMKJ WMKK WMKP WSAP WSSL WSSS,WL G221 BUNTA,
ZJSY-LAMEN-01,RJAA RJSN RJTT RJTY RKJB RKPK RKSI RKSM RKSS RKTN,PORAP W222 SAMAS A202 SIKOU BEKOL A461 SHL G471 PLT A599 JTN G327 LAMEN,
ZJSY-LAMEN-02,RJAA RJSN RJTT RJTY RKPK RKSI RKSM RKSS RKTN,VEGDO W170 SAVNO W171 LENKO A1 IKELA BEKOL A461 SHL G471 PLT A599 JTN G327 LAMEN,
ZJSY-LINSO-01,VYMD VYYY,SYX W222 NUMKU W223 AGTEL W71 LH R339 BSE A599 LINSO,
ZJSY-MORIT-01,UIII UIUU ULLI UNAA UNEE UNKL UNNT UNTT USPP USSS UUDD UUEE UUMO UUWW UWGG UWKD UWUU UWWW,PORAP W222 NUMKU W223 AGTEL W71 LH R339 WUY R343 LBN W2 SJG B330 ELKAL W179 OMBON B330 MORIT,
ZJSY-NIXAL-01,UIII ULLI UNKL UNNT USSS UUDD UUEE UUMO UUWW ZMUB,PORAP W222 SAMAS A202 SIKOU BEKOL A461 BUBDA W56 OBMEP B208 NIXAL,
ZJSY-POLHO-01,UIAA,PORAP W222 SAMAS A202 SIKOU BEKOL A461 BUBDA W56 OBMEP B208 HET G218 POLHO,
ZJSY-RULAD-01,UAAA UAII,PORAP W222 NUMKU W223 AGTEL W71 LH R339 WUY R343 LBN W2 SJG B330 ELKAL W179 OMBON B330 SUNUV W197 ANDIM B215 IBANO G470 AKLAS W192 FKG B215 KABDO W119 GOBOK A343 RULAD,
ZJSY-RULAD-02,UAAA UAII,PORAP W222 NUMKU W223 AGTEL W71 LH R339 WUY R343 LBN W2 SJG B330 ELKAL W179 OMBON B330 GOBIN W66 NUKTI B215 KABDO W119 GOBOK A343 RULAD,
ZJSY-SARIN-01,UACC,PORAP W222 NUMKU W223 AGTEL W71 LH R339 WUY R343 LBN W2 SJG B330 ELKAL W179 OMBON B330 GOBIN W66 NUKTI B215 FKG A368 SARIN,
ZJSY-SARIN-02,UACC,PORAP W222 NUMKU W223 AGTEL W71 LH R339 WUY R343 LBN W2 SJG B330 ELKAL W179 OMBON B330 SUNUV W197 ANDIM B215 IBANO G470 AKLAS W192 FKG A368 SARIN,
ZJSY-SIKOU-01,RJAA RJBB RJOO RJTT RJTY RPLC RPLL RPMM VTBD VTBS WMKK WSAP WSSL WSSS,PORAP W222 SAMAS A202 SIKOU,
ZJSY-SIMLI-01,UHBB,SYX W222 SAMAS A202 SIKOU BEKOL A461 BUBDA W56 VYK G212 SOTMU B339 HUR B334 TGO G212 HRB A588 SIMLI,
ZJSY-TEBAK-01,VVNB,PORAP W222 NUMKU W223 AGTEL W71 LH R339 WUY R474 TEBAK,
ZLDH-AGAVO-01,RJBB RJOO,P161 B215 NUKTI W66 DKO W69 HUR B339 LADIX W34 VAPGU W100 ORAVA W201 UNSEK A326 DONVO G597 AGAVO,
ZLDH-SAGAG-01,VDSA VDSR,P161 B215 NUKTI W66 GOBIN B330 UBKER G212 SGM A581 SAGAG,
ZLIC-AGAVO-01,RJBB RJOO RKSI RKSM RKSS,YHD W217 UPKUN W218 APOGO B215 GODON W87 PARTU G212 VYK W34 VAPGU W100 ORAVA W201 UNSEK A326 DONVO G597 AGAVO,
ZLIC-INTIK-01,ZMUB,YHD W217 VIKON W72 OMGEL W64 UBRAG W84 HET G218 TMR B458 LHT A575 INTIK,
ZLIC-KAMUD-01,OMDB OMDW,YHD W199 YBL B330 GOBIN W66 NUKTI B215 KABDO W119 LIMDO A468 KAMUD,
ZLIC-KATBO-01,VVCR VVDN VVPC,YHD B215 JTA B330 UBKER G212 SGM A599 ADBAG R471 KATBO,
ZLIC-LINSO-01,OEMA OMDB OMDW,YHD B215 JTA B330 UBKER G212 SGM A599 LINSO,
ZLIC-MORIT-01,UIII,YHD W199 YBL B330 MORIT,
ZLIC-SAGAG-01,VTBD VTBS VTBU VTSG VTSP,YHD B215 JTA B330 UBKER G212 SGM A581 SAGAG,
ZLIC-SARIN-01,OEMA,YHD W199 YBL B330 GOBIN W66 NUKTI B215 FKG A368 SARIN,
ZLLL-KATBO-01,VVCR VVDL VVDN VVNB VVTS,BESMI B330 UBKER G212 SGM A599 ADBAG R471 KATBO,
ZLLL-LINSO-01,VYMD VYYY,BESMI B330 UBKER G212 SGM A599 LINSO,
ZLLL-MORIT-01,UUDD UUEE UUMO UUWW,AKMAT B330 MORIT,
ZLLL-RULAD-01,UAAA,ANDIM B215 IBANO G470 AKLAS W192 FKG B215 KABDO W119 GOBOK A343 RULAD,
ZLLL-SAGAG-01,VDSA VDSR VLLB VTBD VTBS VTBU VTSG VTSP WMKK WSAP WSSL WSSS,BESMI B330 UBKER G212 SGM A581 SAGAG,
ZLLL-SARIN-01,ELLX HSSS,AKMAT B330 GOBIN W66 NUKTI B215 FKG A368 SARIN,
ZLXN-SAGAG-01,VDSA VDSR VTSP,UPVOP W111 XIXAN B330 UBKER G212 SGM A581 SAGAG,
ZLXY-AGAVO-01,KBFI KPAE KSEA KSFO PGSN RJAA RJAH RJBB RJCA RJCB RJCC RJCH RJCO RJEC RJFO RJFR RJFS RJGG RJNA RJNS RJOO RJSA RJTT RJTY RKNY RKPC RKPK RKSI RKSM RKSS,WJC G212 VYK W34 VAPGU W100 ORAVA W201 UNSEK A326 DONVO G597 AGAVO,
ZLXY-ARGUK-01,CYVR CYYZ KBFI KLAX KPAE KSEA KSFO PAED PANC,WJC G212 SOTMU B339 HUR B334 TGO G212 ARGUK,
ZLXY-INTIK-01,UIII,WJC W193 ALGOV W101 DUDIL W69 TOREL W84 HET W32 INTIK,
ZLXY-KAMUD-01,UAFF UAFU UCFM UTDD UTTT,TEBIB W541 ADNEN W94 QIY W213 SUNUV W197 ANDIM B215 TODOD W112 TUSLI W187 SADAN W186 KAMUD,
ZLXY-KATBO-01,VVCR VVDN VVNB VVPQ VVTS,NSH G212 SGM A599 ADBAG R471 KATBO,
ZLXY-LINSO-01,VABB VYMD VYYY,NSH G212 SGM A599 LINSO,
ZLXY-MORIT-01,EBBR EBCI EDFH EFHK EGAE EGGW EGKK EGLL EGSS EHAM ELLX ENFB ENGM GMMN LEBL LEMD LETO LFAT LFPB LFPG LFPO LHBP LIRA LIRF LKPR LPPT LSZH UIII ULLI UNNT USSS UUDD UUEE UUMO UUWW,TEBIB W541 ADNEN W94 QIY W213 SUNUV B330 MORIT,
ZLXY-POLHO-01,CYVR CYYZ KBFI KEWR KJFK KLGA KPAE KSEA,WJC W193 ALGOV W101 DUDIL W69 TOREL W84 HET G218 POLHO,
ZLXY-RULAD-01,HESN UAAA,TEBIB W541 ADNEN W94 QIY W213 SUNUV B330 GOBIN W66 NUKTI B215 KABDO W119 GOBOK A343 RULAD,
ZLXY-RULAD-02,UAAA UBBB,TEBIB W541 ADNEN W94 QIY W213 SUNUV W197 ANDIM B215 IBANO G470 AKLAS W192 FKG B215 KABDO W119 GOBOK A343 RULAD,
ZLXY-SAGAG-01,VDPP VDSA VDSR VDSV VTBD VTBS VTBU VTCC VTSG VTSP WIDD WIHH WIII WMKK WSAP WSSL WSSS,NSH G212 SGM A581 SAGAG,
ZLXY-SARIN-01,EBBR EBCI EGAE EGGW EGKK EGLL EGSS ENFB ENGM GMMN HECA HKJK LEMD LETO LFAT LFPB LFPG LFPO LHBP LIRA LIRF LOWW LSZH LTBA LTFJ OMDB OMDW UACC UKBB UKBU UKKK UKKM UTTT,TEBIB W541 ADNEN W94 QIY W213 SUNUV W197 ANDIM B215 IBANO G470 AKLAS W192 FKG A368 SARIN,
ZLXY-SARIN-02,EBBR EBCI EGAE EGGW EGKK EGLL EGSS ELLX ENFB ENGM GMMN HECA HKJK LEBL LEMD LETO LFAT LFPB LFPG LFPO LHBP LIRA LIRF LKPR LOWW LSZH OMDB OMDW UACC UKBB UKBU UKKK UKKM ULLI UUDD UUEE UUMO UUWW,TEBIB W541 ADNEN W94 QIY W213 SUNUV B330 GOBIN W66 NUKTI B215 FKG A368 SARIN,
ZLXY-SIMLI-01,CYVR CYYZ KBFI KPAE KSEA,WJC G212 SOTMU B339 HUR B334 TGO G212 HRB A588 SIMLI,
ZLXY-TAMOT-01,RPVK WADD WAMM WBKK WBSB YSSY,NSH W30 DS W180 ELBAV W181 DUDIT A599 POU B330 TAMOT,
ZLXY-TAMOT-02,NZAA RPLL RPMM RPVE RPVK RPVM WADD WBKK YMML YSSY,NSH W30 DS W180 LIDMA W182 LAGEX G586 SJG B330 TAMOT,
ZPJH-SAGAG-01,VDSA VDSR VDSV VLLB VTBD VTBS VTCA VTCC VTCT,NOKET A581 SAGAG,
ZPLJ-LINSO-01,VYMD VYYY,CEH W162 BUBSU W146 GULOT A599 LINSO,
ZPLJ-SAGAG-01,VTCC WSAP WSSL WSSS,CEH W162 BUBSU W146 GULOT A599 SGM A581 SAGAG,
ZPMS-LINSO-01,VYMD VYYY,TOSEM W633 GMA A599 LINSO,
ZPMS-SAGAG-01,VTBD VTBS,TOSEM W632 GULOT A599 SGM A581 SAGAG,
ZPPP-AGAVO-01,RKSI RKSM RKSS,NODIB W137 LPS A581 IDPOG W56 VADMO W4 IKEKA A591 AGAVO,
ZPPP-ARGUK-01,PAED PANC,DADOL W144 IGNAK W179 WFX W81 NSH G212 SOTMU B339 HUR B334 TGO G212 ARGUK,
ZPPP-GOPTO-01,LFAT LFPB LFPG LFPO,DADOL W144 IGNAK W179 OMBON B330 SUNUV W197 ANDIM B215 IBANO G470 QTV W190 ADPET B206 GOPTO,
ZPPP-KATBO-01,VVCI VVCR VVDN VVNB VVTS WBGG WBKK WBSB,LXI A599 ADBAG R471 KATBO,
ZPPP-LAMEN-01,RJAA RJBB RJOO RJTT RJTY RKJJ RKPC RKSI RKSM RKSS,NODIB W137 LPS A581 WHA R343 PK W116 JTN G327 LAMEN,
ZPPP-LINSO-01,HECA HKJK OEMA OMAA OMAD OMDB OMDW OPIS OPKC OPLA VABB VCBI VCCC VECC VGHS VIDP VNKT VOBG VOBL VOMM VRMM VYMD VYNT VYYY,GULOT A599 LINSO,
ZPPP-MORIT-01,LFAT LFPB LFPG LFPO LTBA LTFJ ULLI UUDD UUEE UUMO UUWW,DADOL W144 IGNAK W179 OMBON B330 MORIT,
ZPPP-SAGAG-01,VDPP VDSA VDSR VDSV VLLB VLVT VTBD VTBS VTBU VTCA VTCC VTCT VTSB VTSG VTSM VTSP VTSS VVPQ VVTS WADD WAHQ WIHH WIII WMKJ WMKK WMKL WMKP WSAP WSSL WSSS,ELASU A581 SAGAG,
ZPPP-SARIN-01,LFAT LFPB LFPG LFPO LTBA LTFJ,DADOL W144 IGNAK W179 OMBON B330 SUNUV W197 ANDIM B215 IBANO G470 AKLAS W192 FKG A368 SARIN,
ZPPP-SARIN-02,LFAT LFPB LFPG LFPO LTBA LTFJ URSS,DADOL W144 IGNAK W179 OMBON B330 GOBIN W66 NUKTI B215 FKG A368 SARIN,
ZPPP-SIKOU-01,NZAA,LXI A599 BSE R339 SIKOU,
ZPPP-TAMOT-01,RPLC RPLL RPMM RPVK RPVM WBKK YSSY,LXI A599 POU B330 TAMOT,
ZSAM-ASSAD-01,VTBD VTBS VTCC VTSG VTSP VYYY,NUSPA W597 IKATA A470 BEBEM R200 BIGRO G221 SAMAS A202 ASSAD,
ZSAM-KAMUD-01,UBBB,AMURI A470 EMRID W135 DOGVI A470 DPX A593 DALIM W157 VYK G212 SOTMU B339 ASILA A575 UPREK W28 ATBUG W66 NUKTI B215 KABDO W119 LIMDO A468 KAMUD,
ZSAM-LAMEN-01,CYVR KLAX PAED PANC RJAA RJBB RJGG RJNA RJOO RJTT RJTY RKPC RKSI RKSM RKSS,AMURI A470 LJG B221 DST W117 BEGMO W13 LASAN G327 LAMEN,
ZSAM-LINSO-01,VYMD,NUSPA W597 IKATA A470 BEBEM R200 LH R339 BSE A599 LINSO,
ZSAM-MAGOG-01,ROAH RONA RPLC RPLL RPLP RPMM RPVK RPVM VDPP VDSA VDSR VDSV VTBD VTBS VTSP VVCR VVDN VVTS WADD WBKK WIHH WIII WMKK WMKP WSAP WSSL WSSS YMML YSSY,NUSPA W597 IKATA A470 MAGOG,
ZSAM-NIXAL-01,EDDF EHAM ULLI UNNT UUDD UUEE UUMO UUWW,AMURI A470 EMRID W135 DOGVI W545 VEMEX W163 HFE B208 NIXAL,
ZSAM-POLHO-01,KLAX,AMURI A470 EMRID W135 DOGVI A470 DPX A593 DALIM W157 VYK G212 SOTMU B339 POLHO,
ZSAM-TEBAK-01,VTCC VVNB VYYY,NUSPA W597 IKATA A470 BEBEM R200 LH R339 WUY R474 TEBAK,
ZSCN-ASSAD-01,VTBD VTBS,OSONO W19 NOMAR W18 NLG W23 ZUH R200 BIGRO G221 SAMAS A202 ASSAD,
ZSCN-LAMEN-01,PAED PANC,PEXEK W105 XSH W50 HFE R343 PK W116 JTN G327 LAMEN,
ZSCN-LAMEN-02,RJAA RJTT RJTY,NCH W105 XSH W50 HFE R343 PK W116 JTN G327 LAMEN,
ZSCN-LINSO-01,VNKT VYMD VYYY,PEXEK W105 XSH W80 IDGAG A581 QNX W136 XISLI A581 SGM A599 LINSO,
ZSCN-NIXAL-01,EBLG UAKK UNNT UUDD UUEE UUMO UUWW,PEXEK W105 XSH W50 REPUV W56 OBMEP B208 NIXAL,
ZSCN-POLHO-01,LIMB LIMC LIML,LEPMI W46 ISMED W56 VYK G212 SOTMU B339 POLHO,
ZSCN-RULAD-01,UAAA,PEXEK W105 XSH W50 REPUV W56 OBMEP B208 LAXAG W28 ATBUG W66 NUKTI B215 KABDO W119 GOBOK A343 RULAD,
ZSCN-TAMOT-01,RPLL RPMM RPVE RPVK RPVM VDSV VVCR VVDN WADD WAMM WBKK WIDD WMKK WSAP WSSL WSSS,OSONO W19 NOMAR W18 TAMOT,
ZSCN-TEBAK-01,VDPP VDSA VDSR VDSV VLLB VLVT VTBD VTBS VTBU VTCA VTCC VTCT VTSG VTSP VVNB,LEPMI W46 LLC R343 WUY R474 TEBAK,
ZSFZ-ASSAD-01,VTBD VTBS VTCC VTSG VTSP,FQG A470 BEBEM R200 BIGRO G221 SAMAS A202 ASSAD,
ZSFZ-LAMEN-01,CYVR KEWR KJFK KLAX KLGA PAED PANC RJAA RJAH RJBB RJCC RJCO RJFF RJGG RJNA RJOO RJTT RJTY RKNY RKPC RKSI RKSM RKSS RKTU ROAH RONA,LJG B221 DST W117 BEGMO W13 LASAN G327 LAMEN,
ZSFZ-LINSO-01,VYMD,FQG A470 BEBEM R200 LH R339 BSE A599 LINSO,
ZSFZ-MAGOG-01,RPLL RPMM RPVE RPVK RPVM VDPP VDSA VDSR VDSV VTBD VTBS VTSG VTSP VVCR VVDN VVTS WADD WAMM WBGG WBKK WIHH WIII WMKK WSAP WSSL WSSS YSSY,FQG A470 MAGOG,
ZSFZ-NIXAL-01,UUDD UUEE UUMO UUWW,LJG A470 EMRID W135 DOGVI W545 VEMEX W163 HFE B208 NIXAL,
ZSFZ-POLHO-01,KEWR KJFK KLGA ULLI UUDD UUEE UUMO UUWW,LJG A470 EMRID W135 DOGVI A470 DPX A593 DALIM W157 VYK G212 SOTMU B339 POLHO,
ZSHC-ASSAD-01,VRMM VTBD VTBS VTSB VTSG VTSM VTSP VVCT VVPQ VVTS,ELNEX A599 PLT W19 NOMAR W18 NLG W23 ZUH R200 BIGRO G221 SAMAS A202 ASSAD,
ZSHC-ASSAD-02,VTBD VTBS VTSP,UGAGO A470 BEBEM R200 BIGRO G221 SAMAS A202 ASSAD,
ZSHC-BUNTA-01,VVDN,ELNEX A599 PLT W19 NOMAR W18 NLG W23 ZUH R200 BIGRO G221 BUNTA,
ZSHC-INTIK-01,LKPR UNKL,NIVIK W135 DOGVI A470 DPX A593 DALIM W157 VYK G212 SOTMU B339 ASILA A575 INTIK,
ZSHC-LAMEN-01,KLAX KSFO PAED PANC PGSN RJAA RJAH RJBB RJCA RJCB RJCC RJCH RJCO RJEC RJFF RJFS RJFT RJGG RJNA RJNS RJOO RJSA RJSS RJTT RJTY RKPC RKPK RKSI RKSM RKSS RKTU ROAH RONA YMML YSSY,DSH W505 SUPAR B221 NINAS G327 LAMEN,
ZSHC-LINSO-01,OMDB OMDW OTBD OTHH VGHS VIDP VYMD VYYY,NIVIK W135 DOGVI W545 VEMEX W73 MADUK W51 LEGIV W164 ADGOL W50 XSH W80 IDGAG A581 QNX W136 XISLI A581 SGM A599 LINSO,
ZSHC-MAGOG-01,RPLC RPLL RPMM RPVE RPVK RPVM VDPP VDSA VDSR VDSV VVCR VVDN VVNB VVPQ VVTS WADD WADL WAMM WBKK WBKK WBSB WIDD WIDN WIHH WIII WMKK WMKL WMKP WSAP WSSL WSSS YMML YSSY,UGAGO A470 MAGOG,
ZSHC-NIXAL-01,EBLG EDDF EGAE EGGW EGKK EGLL EGSS EHAM EKCH EKRK KBHM LEMD LETO LIRA LIRF LKPR LPPT ULLI UNNT UUDD UUEE UUMO UUWW,NIVIK W135 DOGVI W545 VEMEX W163 HFE B208 NIXAL,
ZSHC-POLHO-01,EBLG EDDF EPWA LEMD LETO LHBP,NIVIK W135 DOGVI A470 DPX A593 DALIM W157 VYK G212 SOTMU B339 POLHO,
ZSHC-SARIN-01,EBLG HECA UAAA,NIVIK W135 DOGVI W545 VEMEX W163 HFE B208 LAXAG W28 ATBUG W66 NUKTI B215 FKG A368 SARIN,
ZSHC-TAMOT-01,VDPP VDSA VDSR,ELNEX A599 PLT W19 NOMAR W18 TAMOT,
ZSHC-TEBAK-01,VLVT VRMM VTBD VTBS VTBU VTCA VTCC VTCT VTSP VVCI VVDN VVNB VYYY,ELNEX A599 GYA R474 TEBAK,
ZSJN-AGAVO-01,KLAX KSJC PAED PANC RJAA RJBB RJCC RJCO RJGG RJNA RJNS RJOO RJTT RJTY RKPC RKSI RKSM RKSS RKTN,BASOV W4 IKEKA A591 AGAVO,
ZSJN-LAMEN-01,KEWR KJFK KLAX KLGA,ABTUB A593 PK W116 JTN G327 LAMEN,
ZSJN-LINSO-01,VYMD VYYY,GULEK W4 EKORO W37 DUBAS R343 WHA A581 QNX W136 XISLI A581 SGM A599 LINSO,
ZSJN-POLHO-01,EBLG EFHK KEWR KJFK KLGA LIMB LIMC LIML UIII ULLI UUDD UUEE UUMO UUWW,TUMLO W157 VYK G212 SOTMU B339 POLHO,
ZSJN-SARIN-01,LFAT LFPB LFPG LFPO UAAA,TUMLO W157 VYK G212 SOTMU B339 ASILA A575 UPREK W28 ATBUG W66 NUKTI B215 FKG A368 SARIN,
ZSJN-TAMOT-01,VVCR VVDN WADD WAMM WBKK WIDD YMML YSSY,GULEK W4 EKORO W37 OMBEB R473 WYN W18 TAMOT,
ZSJN-TEBAK-01,VTBD VTBS,GULEK W4 EKORO W37 OLMIB W83 GOSMA R343 WUY R474 TEBAK,
ZSNB-ASSAD-01,VTBD VTBS VTBU VTSB VTSG VTSP,SHZ B221 LJG A470 BEBEM R200 BIGRO G221 SAMAS A202 ASSAD,
ZSNB-LAMEN-01,KLAX PAED PANC RJAA RJBB RJCB RJFS RJFU RJGG RJNA RJNS RJOO RJTT RJTY RKPC RKSI RKSM RKSS RKTU ROAH RONA RORS,OVNEV W67 HSN W13 LASAN G327 LAMEN,
ZSNB-LINSO-01,VGHS VYMD VYYY,SHZ G204 UGAGO A470 TOL A599 KAKIS W135 DOGVI W545 VEMEX W73 MADUK W51 LEGIV W164 ADGOL W50 XSH W80 IDGAG A581 QNX W136 XISLI A581 SGM A599 LINSO,
ZSNB-MAGOG-01,RPLL RPMM RPVE RPVK RPVM VDPP VDSA VDSR VDSV VVCR VVDN VVPQ VVTS WADD WAMM WBKK WIHH WIII WMKK WSAP WSSL WSSS YSSY,SHZ B221 LJG A470 MAGOG,
ZSNB-TEBAK-01,VTBD VTBS VTCC VYYY,SHZ G204 ELNEX A599 GYA R474 TEBAK,
ZSNB-TEBAK-02,VVNB,BK W58 SHZ G204 ELNEX A599 GYA R474 TEBAK,
ZSNJ-AGAVO-01,RKSI RKSM RKSS,OF W178 LAGAL W525 HUN W177 YCH W113 IKADI A326 OMLIB W209 AGAVO,
ZSNJ-AGAVO-02,RKPC RKPK RKSI RKSM RKSS,OF W185 YCH W113 IKADI A326 OMLIB W209 AGAVO,
ZSNJ-ARGUK-01,KLAX KMDW KORD PAED PANC,OF A470 DPX A593 DALIM W157 VYK G212 SOTMU B339 HUR B334 TGO G212 ARGUK,
ZSNJ-ASSAD-01,VDSV WSAP WSSL WSSS,TESIG A470 DUBGO W134 ELNEX A599 PLT W19 NOMAR W18 NLG W23 ZUH R200 BIGRO G221 SAMAS A202 ASSAD,
ZSNJ-BISUN-01,UHWW,OF A470 DPX A593 DALIM W157 VYK G212 SOTMU B339 HUR B334 TGO G341 WQG B451 BISUN,
ZSNJ-INTIK-01,UIII,SUNBO W163 HFE B208 HET W32 INTIK,
ZSNJ-KAMUD-01,UTTT,SUNBO W163 HFE W50 XSH W80 WFX W179 OMBON B330 SUNUV W197 ANDIM B215 IBANO G470 AKLAS W192 FKG B215 KABDO W119 LIMDO A468 KAMUD,
ZSNJ-LAMEN-01,CYVR KLAX PAED PANC PGSN RJAA RJAH RJBB RJCB RJCC RJCO RJFF RJGG RJNA RJNS RJOO RJTT RJTY RKPC RKPK RKSI RKSM RKSS ROAH RONA YMML YSSY,ESBAG R343 PK W116 JTN G327 LAMEN,
ZSNJ-LAMEN-02,RJBB RJNS RJOO,OF W185 YCH W113 SOSMA W108 MATNU G455 LAMEN,
ZSNJ-LAMEN-03,RJAA RJAH RJBB RJCC RJCO RJFF RJGG RJNA RJNS RJOO RJTT RJTY ROAH RONA,OF W185 YCH W113 IKADI A326 SURAK G455 LAMEN,
ZSNJ-LINSO-01,VYMD VYYY,SUNBO W163 HFE W50 XSH W80 IDGAG A581 QNX W136 XISLI A581 SGM A599 LINSO,
ZSNJ-MAGOG-01,RPLC RPLI RPLL RPMM RPVE RPVK RPVM WADD WAMM WBKK WMKK WMSA YMML YSSY,TESIG A470 MAGOG,
ZSNJ-NIXAL-01,EBBR EBCI EBLG EDDF EDFH EHAM LEMD LETO ULLI UNNT UUDD UUEE UUMO UUWW UWUU,SUNBO W163 HFE B208 NIXAL,
ZSNJ-POLHO-01,EDDF EFHK LIMB LIMC LIML,OF A470 DPX A593 DALIM W157 VYK G212 SOTMU B339 POLHO,
ZSNJ-SAGAG-01,VTCC,SUNBO W163 HFE W50 XSH W80 IDGAG A581 QNX W136 XISLI A581 SAGAG,
ZSNJ-SARIN-01,LIMB LIMC LIML UAAA,SUNBO W163 HFE W50 XSH W80 WFX W179 OMBON B330 SUNUV W197 ANDIM B215 IBANO G470 AKLAS W192 FKG A368 SARIN,
ZSNJ-TAMOT-01,VDPP VDSA VDSR VVCR VVDN VVTS WSAP WSSL WSSS,TESIG A470 DUBGO W134 ELNEX A599 PLT W19 NOMAR W18 TAMOT,
ZSNJ-TEBAK-01,VDSA VDSR VDSV VTBD VTBS VTSG VTSP VVCI VVNB VVPQ VYYY,SUNBO W163 HFE W50 XSH W80 UDUMI W37 OLMIB W83 GOSMA R343 WUY R474 TEBAK,
ZSNT-LAMEN-01,CYVR RJAA RJBB RJGG RJNA RJOO RJTT RJTY RKPC RKSI RKSM RKSS ROAH RONA,NTG W591 XIREM G330 PK W116 JTN G327 LAMEN,
ZSNT-LINSO-01,VABB VGHS VIDP VYMD,NTG W109 PIKAS G330 UNTAN G345 OLRIS R343 MADUK W51 LEGIV W164 ADGOL W50 XSH W80 IDGAG A581 QNX W136 XISLI A581 SGM A599 LINSO,
ZSNT-MAGOG-01,RPVK VDSV VVCR WSAP WSSL WSSS,NTG W591 XIREM G330 PK W116 JTN A599 NXD W131 AKDIM A470 MAGOG,
ZSNT-TEBAK-01,VDSV VTBD VTBS VTSG VTSP VVNB,NTG W109 PIKAS G330 UNTAN G345 OLRIS R343 MADUK W51 LEGIV W164 ADGOL W50 XSH W80 UDUMI W37 OLMIB W83 GOSMA R343 WUY R474 TEBAK,
ZSOF-LAMEN-01,KLAX PAED PANC RJBB RJGG RJNA RJNS RJOO RKPC RKSI RKSM RKSS,MADUK R343 PK W116 JTN G327 LAMEN,
ZSOF-LINSO-01,VYMD VYYY,IKUBA W50 XSH W80 IDGAG A581 QNX W136 XISLI A581 SGM A599 LINSO,
ZSOF-NIXAL-01,EBBR EBCI EHAM UNNT UUDD UUEE UUMO UUWW,BIPIM B208 NIXAL,
ZSOF-SAGAG-01,VDPP,IKUBA W50 XSH W80 IDGAG A581 QNX W136 XISLI A581 SAGAG,
ZSOF-TAMOT-01,VVCR VVDN WADD WAMM WIDD WMKK WSAP WSSL WSSS,IKUBA W50 XSH W80 UDUMI W37 OMBEB R473 WYN W18 TAMOT,
ZSOF-TEBAK-01,VDSA VDSR VDSV VTBD VTBS VTBU VTCC VTSG VTSP VVNB VYYY,IKUBA W50 XSH W80 UDUMI W37 OLMIB W83 GOSMA R343 WUY R474 TEBAK,
ZSPD-AGAVO-01,KLAX KMDW KORD PAED PANC,SURAK A326 OMLIB W209 AGAVO,
ZSPD-APITO-01,PGSN,BOLEX B591 MIGOL A326 APITO,
ZSPD-ARGUK-01,CYMX CYUL CYVR CYYZ KATL KBFI KBWI KDAL KDCA KDET KDFW KDTW KEWR KHIO KIAD KJFK KLAS KLAX KLGA KMDW KMEM KORD KPAE KPDX KSEA KSFO KSJC KYIP PAED PANC PGSN PHNL,POMOK G330 PIMOL A593 DALIM W157 VYK G212 SOTMU B339 HUR B334 TGO G212 ARGUK,
ZSPD-ARGUK-02,CYEG CYMX CYUL CYVR CYYC CYYZ KATL KBFI KBOS KBWI KDAL KDCA KDET KDFW KDTW KEWR KIAD KJFK KLAS KLAX KLGA KMDW KMEM KORD KPAE KSEA KSFO KSJC KYIP MMTJ PAED PANC PGSN PHNL,SURAK A326 SANKO W107 CHI A588 HRB G212 ARGUK,
ZSPD-ASSAD-01,VCBI VCCC VRMM VTBD VTBS VTBU VTCC VTSB VTSB VTSG VTSP WIHH WIII WMKK WSAP WSSL WSSS YPPH,NXD W131 AKDIM A470 DUBGO W134 ELNEX A599 PLT W19 NOMAR W18 NLG W23 ZUH R200 BIGRO G221 SAMAS A202 ASSAD,
ZSPD-ASSAD-02,VRMM VTBD VTBS VTBU VTSB VTSG VTSP,PONAB W13 BEGMO M503 LAPUG R200 BEBEM A470 MAGOG SIKOU A202 ASSAD,
ZSPD-BISUN-01,UHWW,SURAK A326 SANKO W107 CHI A588 LJB G341 WQG B451 BISUN,
ZSPD-INTIK-01,EBBR EBCI,POMOK G330 PIMOL A593 DALIM W157 VYK G212 SOTMU B339 ASILA A575 INTIK,
ZSPD-KAMUD-01,OIIE OIII OTBD OTHH UAFF UAFU UCFM UTSA UTTT,POMOK G330 PIMOL A593 DALIM W157 VYK G212 SOTMU B339 ASILA A575 UPREK W28 ATBUG W66 NUKTI B215 KABDO W119 LIMDO A468 KAMUD,
ZSPD-LAMEN-01,AYPY CYEG CYMX CYUL CYVR CYYC CYYZ KATL KBFI KBOS KCVG KDAL KDET KDFW KDTW KEWR KJFK KLAS KLAX KLGA KLUK KMDW KMEM KOAK KORD KPAE KPTK KSEA KSFO KSJC KYIP MMMX MMSD MMTJ MMTJ NZAA PAED PANC PGSN PGUA PGUM PHNL RJAA RJAH RJBB RJCA RJCB RJCC RJCH RJCK RJCO RJEC RJFF RJFK RJFO RJFR RJFS RJFT RJFU RJGG RJNA RJNK RJNS RJNT RJOA RJOB RJOH RJOM RJOO RJOT RJSA RJSF RJSI RJSN RJSS RJTT RJTY RKJB RKJJ RKNY RKNY RKPC RKPK RKSI RKSM RKSS RKTN RKTU ROAH RONA RORS UHHH UHWW YBBN YBCS YMML YSSY,BONGI G327 LAMEN,
ZSPD-LAMEN-02,AYPY CYEG CYMX CYUL CYVR CYYC CYYZ KATL KBFI KBOS KCVG KDAL KDET KDFW KDTW KEWR KJFK KLAS KLAX KLGA KLUK KMDW KMEM KOAK KORD KPAE KPTK KSEA KSFO KSJC KYIP MMMX MMSD MMTJ MMTJ NZAA PAED PANC PGSN PGUA PGUM PHNL RJAA RJAH RJBB RJCA RJCB RJCC RJCH RJCK RJCO RJEC RJFF RJFK RJFO RJFR RJFS RJFT RJFU RJGG RJNA RJNK RJNS RJNT RJOA RJOB RJOH RJOM RJOO RJOT RJSA RJSF RJSI RJSN RJSS RJTT RJTY RKJB RKJJ RKNY RKNY RKPC RKPK RKSI RKSM RKSS RKTN RKTU ROAH RONA RORS UHHH UHWW YBBN YBCS YMML YSSY,EMSAN G455 LAMEN,
ZSPD-LINSO-01,HAAB HEGN HESN HKJK OBBI OBBS OEDF OEJN OERK OERY OIIE OIII OMAA OMAD OMDB OMDW OMSJ OPLA OTBD OTHH VABB VCBI VCCC VECC VGHS VIDP VNKT VOBG VOBL VOMM VRMM VYMD VYYY,POMOK G330 UNTAN G345 OLRIS R343 MADUK W51 LEGIV W164 ADGOL W50 XSH W80 IDGAG A581 QNX W136 XISLI A581 SGM A599 LINSO,
ZSPD-LINSO-02,HECA OPKC,NXD W131 AKDIM A470 DUBGO W134 ELNEX A599 LINSO,
ZSPD-MAGOG-01,AYPY FIMP NZAA RPLB RPLC RPLI RPLL RPMM RPVK RPVM VCRI VDPP VDSA VDSR VRMM VTBD VTBS VTCA VTCC VTCT VTSP VVCR VVDN VVNB VVPQ VVTS WADD WBGG WBKK WBSB WIHH WIII WMKJ WMKK WMKP WSAP WSSL WSSS YBBN YBCS YMML YPPH YSSY,PONAB W13 BEGMO M503 LAPUG R200 BEBEM A470 MAGOG,
ZSPD-MAGOG-02,FIMP FIMP NZAA RPLB RPLC RPLI RPLL RPMM RPSP RPVE RPVK RPVM VDSV VVDN WADD WAMM WBGG WBKK WBSB WIDD WMKK WMKP YBCS YMML YSSY,PONAB W13 BEGMO W117 DST B221 LJG A470 MAGOG,
ZSPD-NIXAL-01,EBBR EBCI EBLG EDAC EDDF EDDH EDDL EDDM EDDP EDFH EDHI EDOP EETN EFHK EGAE EGCC EGGW EGKK EGLL EGPH EGSS EHAM EKCH EKRK ELLX EPWA ESKN ESOW ESSA ESSB EYKA LEBL LEMD LETO LFAT LFPB LFPG LFPO LGAV LHBP LIMB LIMC LIML LIPO LIPZ LIRA LIRF LKPR LOWW LSGG LSZH LTBA LTFJ UEEE UIBB UKBB UKBU UKKK UKKM ULLI UNKL UNNT USSS UUDD UUEE UUMO UUWW UWUU ZMUB,POMOK G330 UNTAN G345 OLRIS R343 HFE B208 NIXAL,
ZSPD-POLHO-01,CYMX CYUL CYVR CYYZ EBLG EDAC EDDF EDDM EDDP EFHK EGAE EGGW EGKK EGLL EGPH EGSS EHAM EKCH EKRK ESKN ESOW ESSA ESSB KATL KBFI KBOS KBWI KDAL KDCA KDET KDFW KDTW KEWR KHIO KIAD KJFK KLAS KLAX KLGA KMDW KMEM KORD KPAE KPDX KSEA KSFO KSJC KYIP LEMD LETO LEZG LFAT LFPB LFPG LFPO LHBP LIRA LIRF LKPR LOWW LSZH PAED PANC PGSN PHNL UIII UIUU ULLI UUDD UUEE UUMO UUWW ZMUB,POMOK G330 PIMOL A593 DALIM W157 VYK G212 SOTMU B339 POLHO,
ZSPD-PURPA-01,OAIX OAKN OTBD OTHH,POMOK G330 PIMOL A593 DALIM W157 VYK G212 SOTMU B339 ASILA A575 UPREK W28 ATBUG W66 NUKTI B215 IBANO W187 TUSLI W112 PURPA,
ZSPD-PURPA-02,OAIX OAKN OTBD OTHH,POMOK G330 PIMOL A593 DALIM W157 VYK G212 SOTMU B339 ASILA A575 UPREK W28 ATBUG W66 NUKTI B215 IBANO W187 MAGIV B215 PURPA,
ZSPD-RULAD-01,OIIE OIII UAAA UAFF UAFU UCFM UTTT,POMOK G330 PIMOL A593 DALIM W157 VYK G212 SOTMU B339 ASILA A575 UPREK W28 ATBUG W66 NUKTI B215 KABDO W119 GOBOK A343 RULAD,
ZSPD-SARIN-01,EBBR EBCI EBLG EDAC EDDF EDDM EDDP EDFH EFHK EGAE EGGW EGKK EGLL EGSS EKCH EKRK ELLX HECA LFAT LFPB LFPG LFPO LIMB LIMC LIML LLBG LOWW LSZH LTBA LTFJ UACC UAKK UATG UBBB UGTB,POMOK G330 PIMOL A593 DALIM W157 VYK G212 SOTMU B339 ASILA A575 UPREK W28 ATBUG W66 NUKTI B215 FKG A368 SARIN,
ZSPD-SIMLI-01,CYMX CYUL CYVR CYYZ KATL KBFI KBWI KDAL KDCA KDET KDFW KDTW KEWR KHIO KIAD KJFK KLAX KLGA KMDW KMEM KORD KPAE KPDX KSEA KSFO KSJC KYIP PAED PANC PGSN PHNL,POMOK G330 PIMOL A593 DALIM W157 VYK G212 SOTMU B339 HUR B334 TGO G212 HRB A588 SIMLI,
ZSPD-SIMLI-02,CYEG CYMX CYUL CYVR CYYZ KATL KBFI KBOS KDAL KDET KDFW KDTW KEWR KJFK KLAX KLGA KMDW KORD KPAE KSEA KSFO KSJC KYIP PAED PANC,SURAK A326 SANKO W107 CHI A588 SIMLI,
ZSPD-TAMOT-01,VDPP VDSA VDSR VDSV VVCR VVDN VVPQ VVTS WADD WBSB WIHH WIII WSAP WSSL WSSS,NXD W131 AKDIM A470 DUBGO W134 ELNEX A599 PLT W19 NOMAR W18 TAMOT,
ZSPD-TEBAK-01,VCRI VLVT VRMM VTBD VTBS VTCA VTCC VTCT VTSM VTSP VVNB,POMOK G330 UNTAN G345 OLRIS R343 MADUK W51 LEGIV W164 ADGOL W50 XSH W80 UDUMI W37 OLMIB W83 GOSMA R343 WUY R474 TEBAK,
ZSPD-TELOK-01,EDDF EDDM EGAE EGGW EGKK EGLL EGSS LOWW LSZH,SURAK A326 SANKO W107 CHI A588 BIDIB A345 TELOK,
ZSPD-TOMUK-01,UHWW ZKPY,SURAK A326 SANKO B332 TOMUK,
ZSQD-AGAVO-01,CYVR KLAX KSFO PAED PANC RJAA RJBB RJCH RJFF RJGG RJNA RJOO RJTT RJTY RKPK RKSI RKSM RKSS RKTU,LATUX W209 AGAVO,
ZSQD-ARGUK-01,CYVR KLAX,TEKAM W172 IGDEG W173 NIXEP W8 DOBGA W202 UDETI A588 HRB G212 ARGUK,
ZSQD-LAMEN-01,ROAH RONA,LATUX W108 MATNU G455 LAMEN,
ZSQD-MAGOG-01,WSAP WSSL WSSS,LATUX W108 MATNU W115 PINOT W13 BEGMO M503 LAPUG R200 BEBEM A470 MAGOG,
ZSQD-MAGOG-02,VDSA VDSR VVCR WMKK WSAP WSSL WSSS YMML YSSY,LATUX W108 MATNU W115 PINOT W13 BEGMO W117 DST B221 LJG A470 MAGOG,
ZSQD-POLHO-01,EGAE EGGW EGKK EGLL EGSS LEMD LETO UUDD UUEE UUMO UUWW,TEKAM W4 HCH W200 DOVIV W55 PAMRU W34 LADIX B339 POLHO,
ZSQD-SIMLI-01,CYYZ,TEKAM W172 IGDEG W173 NIXEP W8 DOBGA W202 UDETI A588 SIMLI,
ZSQZ-MAGOG-01,RPLL RPMM,NUSPA W597 IKATA A470 MAGOG,
ZSSH-LAMEN-01,RJAH RJNS RKPC,HUN W525 LAGAL A593 PK W116 JTN G327 LAMEN,
ZSSH-LAMEN-02,RJBB RJOO,HUN W525 LAGAL A593 NIXEM W185 YCH W113 SOSMA W108 MATNU G455 LAMEN,
ZSSH-MAGOG-01,VVCR,HUN W525 LAGAL W178 OF A470 MAGOG,
ZSSH-TAMOT-01,VVCR VVDN,HUN W525 LAGAL W178 OF W95 NOBEM W73 MADUK W51 LEGIV W164 ADGOL W50 XSH W80 UDUMI W37 OMBEB R473 WYN W18 TAMOT,
ZSSH-TEBAK-01,VDSA VDSR VTBD VTBS VTSG VTSP,HUN W525 LAGAL W178 OF W95 NOBEM W73 MADUK W51 LEGIV W164 ADGOL W50 XSH W80 UDUMI W37 OLMIB W83 GOSMA R343 WUY R474 TEBAK,
ZSSS-ARGUK-01,CYVR CYYZ KBFI KEWR KJFK KLAX KLGA KPAE KSEA KSFO PAED PANC,POMOK G330 PIMOL A593 DALIM W157 VYK G212 SOTMU B339 HUR B334 TGO G212 ARGUK,
ZSSS-ASSAD-01,VTBD VTBS VTBU VTSB VTSG,NXD W131 AKDIM A470 DUBGO W134 ELNEX A599 PLT W19 NOMAR W18 NLG W23 ZUH R200 BIGRO G221 SAMAS A202 ASSAD,
ZSSS-LAMEN-01,CYVR CYYZ KBFI KEWR KJFK KLAX KLGA KPAE KSEA KSFO PAED PANC PGSN RJAA RJAH RJBB RJCA RJCC RJCO RJEC RJFF RJFK RJFO RJFS RJFT RJFU RJGG RJNA RJOA RJOH RJOO RJOT RJSN RJTT RJTY RKJJ RKNY RKPC RKPK RKSI RKSM RKSS RKTU ROAH RONA,BONGI G327 LAMEN,
ZSSS-LAMEN-02,CYVR CYYZ KBFI KEWR KJFK KLAX KLGA KPAE KSEA KSFO PAED PANC PGSN RJAA RJAH RJBB RJCA RJCC RJCO RJEC RJFF RJFK RJFO RJFS RJFT RJFU RJGG RJNA RJOA RJOH RJOO RJOT RJSN RJTT RJTY RKJJ RKNY RKPC RKPK RKSI RKSM RKSS RKTU ROAH RONA,EMSAN G455 LAMEN,
ZSSS-LINSO-01,OMAA OMAD VCBI VCCC VGHS VIDP VNKT VYYY,POMOK G330 UNTAN G345 OLRIS R343 MADUK W51 LEGIV W164 ADGOL W50 XSH W80 IDGAG A581 QNX W136 XISLI A581 SGM A599 LINSO,
ZSSS-LINSO-02,OPKC,NXD W131 AKDIM A470 DUBGO W134 ELNEX A599 LINSO,
ZSSS-MAGOG-01,RPLB RPLL RPMM RPVK RPVM WADD WBKK WMKK YSSY,NXD W131 AKDIM A470 MAGOG,
ZSSS-NIXAL-01,EBBR EBCI EGAE EGGW EGKK EGLL EGSS EHAM LFAT LFPB LFPG LFPO LOWW UNNT UUDD UUEE UUMO UUWW,POMOK G330 UNTAN G345 OLRIS R343 HFE B208 NIXAL,
ZSSS-POLHO-01,CYVR CYYZ KBFI KEWR KJFK KLAX KLGA KPAE KSEA KSFO PAED PANC,POMOK G330 PIMOL A593 DALIM W157 VYK G212 SOTMU B339 POLHO,
ZSSS-PURPA-01,OBBI OBBS,POMOK G330 PIMOL A593 DALIM W157 VYK G212 SOTMU B339 ASILA A575 UPREK W28 ATBUG W66 NUKTI B215 IBANO W187 MAGIV B215 PURPA,
ZSSS-PURPA-02,OBBI OBBS,POMOK G330 PIMOL A593 DALIM W157 VYK G212 SOTMU B339 ASILA A575 UPREK W28 ATBUG W66 NUKTI B215 IBANO W187 TUSLI W112 PURPA,
ZSSS-SARIN-01,UTTT,POMOK G330 PIMOL A593 DALIM W157 VYK G212 SOTMU B339 ASILA A575 UPREK W28 ATBUG W66 NUKTI B215 FKG A368 SARIN,
ZSSS-SIMLI-01,CYVR CYYZ KBFI KEWR KJFK KLAX KLGA KPAE KSEA KSFO PAED PANC,POMOK G330 PIMOL A593 DALIM W157 VYK G212 SOTMU B339 HUR B334 TGO G212 HRB A588 SIMLI,
ZSSS-TAMOT-01,VDPP VDSA VDSR VVCR VVDN VVTS WSAP WSSL WSSS,NXD W131 AKDIM A470 DUBGO W134 ELNEX A599 PLT W19 NOMAR W18 TAMOT,
ZSSS-TEBAK-01,VTBD VTBS VTCC VTSP VVNB,POMOK G330 UNTAN G345 OLRIS R343 MADUK W51 LEGIV W164 ADGOL W50 XSH W80 UDUMI W37 OLMIB W83 GOSMA R343 WUY R474 TEBAK,
ZSTX-LAMEN-01,RKSI RKSM RKSS,TXN G204 ELNEX A599 JTN G327 LAMEN,
ZSTX-MAGOG-01,VVTS,TXN G204 UGAGO A470 MAGOG,
ZSTX-TEBAK-01,VTBD VTBS VVNB,TXN G204 ELNEX A599 GYA R474 TEBAK,
ZSWH-AGAVO-01,RKSI RKSM RKSS,WEH W4 IKEKA A591 AGAVO,
ZSWZ-ASSAD-01,VDSV VLVT VTBD VTBS VTCC VTSB VTSG,DST B221 LJG A470 BEBEM R200 BIGRO G221 SAMAS A202 ASSAD,
ZSWZ-ASSAD-02,VTBD VTBS VTSB VTSG,DST B221 LJG A470 MAGOG SIKOU A202 ASSAD,
ZSWZ-LAMEN-01,RJAA RJBB RJCK RJGG RJNA RJNS RJOO RJTT RJTY RKPC RKSI RKSM RKSS,DST B221 SHZ G204 AND B221 NINAS G327 LAMEN,
ZSWZ-LAMEN-02,RJCC RJCO,DST W117 BEGMO W13 LASAN G327 LAMEN,
ZSWZ-MAGOG-01,RPLL RPMM RPVK VDPP VDSA VDSR VDSV VTBD VTBS VVCR VVDN WADD WAMM,DST B221 LJG A470 MAGOG,
ZSWZ-NIXAL-01,UUDD UUEE UUMO UUWW,DST R596 BZ A470 EMRID W135 DOGVI W545 VEMEX W163 HFE B208 NIXAL,
ZSXZ-AGAVO-01,RKSI RKSM RKSS,DO W125 OMUDI W177 YCH W113 IKADI A326 OMLIB W209 AGAVO,
ZSXZ-LAMEN-01,RJBB RJGG RJNA RJOO RKPC,DO W125 OMUDI A593 PK W116 JTN G327 LAMEN,
ZSXZ-LINSO-01,VYMD VYYY,ATVIM W127 HFE W50 XSH W80 IDGAG A581 QNX W136 XISLI A581 SGM A599 LINSO,
ZSXZ-MAGOG-01,VVCR,DO W126 DPX A470 MAGOG,
ZSXZ-TAMOT-01,VVCR VVDN WSAP WSSL WSSS,DO W126 DPX A470 DUBGO W134 ELNEX A599 PLT W19 NOMAR W18 TAMOT,
ZSXZ-TEBAK-01,VDSA VDSR VTBD VTBS VTSG VTSP VVNB,ATVIM W127 HFE W50 XSH W80 UDUMI W37 OLMIB W83 GOSMA R343 WUY R474 TEBAK,
ZSYA-AGAVO-01,RKSI RKSM RKSS,NIXEM W185 YCH W113 IKADI A326 OMLIB W209 AGAVO,
ZSYA-LAMEN-01,RJAA RJAH RJBB RJCC RJCO RJGG RJNA RJOO RJTT RJTY RKPC RKSI RKSM RKSS RORS,PIMOL A593 PK W116 JTN G327 LAMEN,
ZSYA-LINSO-01,VYMD VYYY,PIMOL W184 ZJ G345 OLRIS R343 MADUK W51 LEGIV W164 ADGOL W50 XSH W80 IDGAG A581 QNX W136 XISLI A581 SGM A599 LINSO,
ZSYA-TAMOT-01,VVCR,PIMOL W184 ZJ G345 OLRIS A470 DUBGO W134 ELNEX A599 PLT W19 NOMAR W18 TAMOT,
ZSYA-TEBAK-01,VDPP VDSA VDSR VLLB VLVT VTBD VTBS,PIMOL W184 ZJ G345 OLRIS R343 MADUK W51 LEGIV W164 ADGOL W50 XSH W80 UDUMI W37 OLMIB W83 GOSMA R343 WUY R474 TEBAK,
ZSYN-AGAVO-01,RKSI RKSM RKSS,YCH W113 IKADI A326 OMLIB W209 AGAVO,
ZSYT-AGAVO-01,KLAX RJAA RJBB RJCC RJCO RJFF RJGG RJNA RJNS RJOO RJTT RJTY RKNY RKPC RKPK RKSI RKSM RKSS RKTN RKTU,FZ W4 IKEKA A591 AGAVO,
ZSYT-LINSO-01,VYMD,HCH W4 EKORO W37 DUBAS R343 WHA A581 QNX W136 XISLI A581 SGM A599 LINSO,
ZSYT-MAGOG-01,VVCR VVDN,FZ W4 IKEKA A326 AKARA A593 PUD A599 NXD W131 AKDIM A470 MAGOG,
ZSYT-POLHO-01,EBLG,HCH W200 DOVIV W55 PAMRU W34 LADIX B339 POLHO,
ZUCK-AGAVO-01,RKSI RKSM RKSS,SOSLI W4 LIMGI W175 AVKES G212 VYK W34 VAPGU W100 ORAVA W201 UNSEK A326 DONVO G597 AGAVO,
ZUCK-ARGUK-01,CYVR KLAX KSFO PAED PANC,SOSLI W4 LIMGI W175 AVKES G212 SOTMU B339 HUR B334 TGO G212 ARGUK,
ZUCK-KAMUD-01,UTTT,PINAB W80 WFX W179 OMBON B330 SUNUV W197 ANDIM B215 TODOD W112 TUSLI W187 SADAN W186 KAMUD,
ZUCK-KATBO-01,VVCR VVDN VVNB VVPQ,UNRIX W180 BONSA W91 IDSID W30 XFA A581 SGM A599 ADBAG R471 KATBO,
ZUCK-LAMEN-01,CYVR KLAX KSFO PAED PANC PGSN RJAA RJBB RJFU RJGG RJNA RJNS RJOO RJTT RJTY RKJB RKPC RKPK RKSI RKSM RKSS RKTN RKTU ROAH RONA UHHH,GUTVI B213 WHA R343 PK W116 JTN G327 LAMEN,
ZUCK-LINSO-01,HAAB OMDB OMDW OMSJ OTBD OTHH VABB VCBI VCCC VECC VGHS VIDP VNKT VOBG VOBL VOMM VRMM VYMD VYNT VYYY,UNRIX W180 BONSA W91 IDSID W30 XFA A581 SGM A599 LINSO,
ZUCK-MORIT-01,EBLG EDDF EDFH EFHK EGAE EGCC EGGW EGKK EGLL EGSS EHAM ELLX ENFB ENGM KEWR KJFK KLGA LFAT LFPB LFPG LFPO LHBP LIRA LIRF UIII ULLI UNKL UNNT USSS UUDD UUEE UUMO UUWW,PINAB W80 WFX W179 OMBON B330 MORIT,
ZUCK-PURPA-01,OMDB OMDW,PINAB W80 WFX W179 OMBON B330 SUNUV W197 ANDIM B215 NIXUK W621 DNH W187 MAGIV B215 PURPA,
ZUCK-RULAD-01,UAAA,PINAB W80 WFX W179 OMBON B330 SUNUV W197 ANDIM B215 IBANO G470 AKLAS W192 FKG B215 KABDO W119 GOBOK A343 RULAD,
ZUCK-SAGAG-01,VDPP VDSA VDSR VDSV VLLB VLVT VTBD VTBS VTBU VTCA VTCC VTCT VTSB VTSG VTSM VTSP VYYY WIDD WMKJ WMKK WMKL WMKP WSAP WSSL WSSS,UNRIX W180 BONSA W91 IDSID W30 XFA A581 SAGAG,
ZUCK-SARIN-01,EBBR EBCI EBLG EDDF EDDL EDDM EDFH EGAE EGCC EGGD EGGW EGKK EGLL EGSS EHAM ELLX ENFB ENGM LEMD LETO LFAT LFPB LFPG LFPO LHBP LIRA LIRF LKPR LLBG LOWW LTBA LTFJ ULLI UUDD UUEE UUMO UUWW,PINAB W80 WFX W179 OMBON B330 SUNUV W197 ANDIM B215 IBANO G470 AKLAS W192 FKG A368 SARIN,
ZUCK-SARIN-02,EDDF EDFH EGAE EGCC EGGW EGKK EGLL EGSS EHAM ELLX ENFB ENGM LFAT LFPB LFPG LFPO LHBP LIRA LIRF UUDD UUEE UUMO UUWW,PINAB W80 WFX W179 OMBON B330 GOBIN W66 NUKTI B215 FKG A368 SARIN,
ZUCK-TAMOT-01,NZAA PGSN RPLL RPMM RPSP RPVK RPVM WADD WAMM WBKK YBBN YMML YSSY,UNRIX W180 LIDMA W182 LAGEX G586 SJG B330 TAMOT,
ZUGY-AGAVO-01,RKSI RKSM RKSS,UGUGU W183 HUY A581 IDPOG W56 VADMO W4 IKEKA A591 AGAVO,
ZUGY-ARGUK-01,PAED PANC,UGUGU W183 HUY A581 BODUV W102 SHX W4 LIMGI W175 AVKES G212 SOTMU B339 HUR B334 TGO G212 ARGUK,
ZUGY-KATBO-01,VVCR VVDL VVDN VVPQ VVTS,SUMUN W179 BIPIP A581 QNX W136 XISLI A581 SGM A599 ADBAG R471 KATBO,
ZUGY-LAMEN-01,RJAA RJBB RJGG RJNA RJOO RJTT RJTY RKPC RKSI RKSM RKSS,UGUGU W183 HUY A581 WHA R343 PK W116 JTN G327 LAMEN,
ZUGY-LINSO-01,VCBI VCCC VNKT VYMD VYYY,SUMUN W179 BIPIP A581 QNX W136 XISLI A581 SGM A599 LINSO,
ZUGY-MORIT-01,EGAE EGGW EGKK EGLL EGSS LFAT LFPB LFPG LFPO ULLI UNNT UUDD UUEE UUMO UUWW,SUMUN W179 OMBON B330 MORIT,
ZUGY-SAGAG-01,VDPP VDSA VDSR VDSV VLLB VLVT VTBD VTBS VTBU VTCA VTCC VTCT VTSG VTSP WMKJ WSAP WSSL WSSS,SUMUN W179 BIPIP A581 QNX W136 XISLI A581 SAGAG,
ZUGY-SARIN-01,EGAE EGGW EGKK EGLL EGSS LFAT LFPB LFPG LFPO LTBA LTFJ,SUMUN W179 OMBON B330 GOBIN W66 NUKTI B215 FKG A368 SARIN,
ZUGY-SARIN-02,EGAE EGGW EGKK EGLL EGSS LFAT LFPB LFPG LFPO LIMB LIMC LIML LTBA LTFJ,SUMUN W179 OMBON B330 SUNUV W197 ANDIM B215 IBANO G470 AKLAS W192 FKG A368 SARIN,
ZUGY-TAMOT-01,RPVE RPVK RPVM WADD WBKK YMML YSSY,UGUGU W182 LAGEX G586 SJG B330 TAMOT,
ZUGY-TEBAK-01,VDPP VVNB WMKK WMKL WMKP,UGUGU W182 LAGEX G586 SJG W2 LBN R343 WUY R474 TEBAK,
ZULS-NONIM-01,VNKT,LXA B345 NONIM,
ZUTF-AGAVO-01,RKSI RKSM RKSS,SAGPI W81 NSH G212 VYK W34 VAPGU W100 ORAVA W201 UNSEK A326 DONVO G597 AGAVO,
ZUTF-ARGUK-01,CYVR KLAX PAED PANC,SAGPI W81 NSH G212 SOTMU B339 HUR B334 TGO G212 ARGUK,
ZUTF-KAMUD-01,OMDB OMDW,BOKIR W179 OMBON B330 SUNUV W197 ANDIM B215 NIXUK W621 DNH W187 SADAN W186 KAMUD,
ZUTF-KAMUD-02,UTTT,BOKIR W179 OMBON B330 SUNUV W197 ANDIM B215 TODOD W112 TUSLI W187 SADAN W186 KAMUD,
ZUTF-KATBO-01,VVCR VVDN VVNB VVPQ VVTS,LUVEN G212 SGM A599 ADBAG R471 KATBO,
ZUTF-LAMEN-01,KLAX PAED PANC RJAA RJBB RJOO RJTT RJTY,UBRAB B213 WHA R343 PK W116 JTN G327 LAMEN,
ZUTF-LINSO-01,HAAB HECA OMAA OMAD OMDB OMDW OTBD OTHH VABB VGHS VIDP VOBG VOBL VOMM VRMM VYYY,LUVEN G212 SGM A599 LINSO,
ZUTF-MORIT-01,EDDF EFHK EGAE EGGW EGKK EGLL EGSS EHAM KEWR KJFK KLGA KMDW KORD LFAT LFPB LFPG LFPO ULLI UUDD UUEE UUMO UUWW,BOKIR W179 OMBON B330 MORIT,
ZUTF-NONIM-01,VNKT,MUMGO B213 LXA B345 NONIM,
ZUTF-POLHO-01,KEWR KJFK KLGA KMDW KORD,SAGPI W81 NSH G212 WJC W193 ALGOV W101 DUDIL W69 TOREL W84 HET G218 POLHO,
ZUTF-PURPA-01,OPIS,BOKIR W179 OMBON B330 SUNUV W197 ANDIM B215 TODOD W112 TUSLI W187 MAGIV B215 PURPA,
ZUTF-RULAD-01,UAAA,BOKIR W179 OMBON B330 SUNUV W197 ANDIM B215 IBANO G470 AKLAS W192 FKG B215 KABDO W119 GOBOK A343 RULAD,
ZUTF-SAGAG-01,VDPP VLVT VTBD VTBD VTBS VTBS VTCC VTSM VTSP WIHH WIII WMKK WMKP WSAP WSSL WSSS,LUVEN G212 SGM A581 SAGAG,
ZUTF-SARIN-01,EHAM HECA LFAT LFPB LFPG LFPO LIRA LIRF LLBG LTBA LTFJ ULLI UUDD UUEE UUMO UUWW,BOKIR W179 OMBON B330 SUNUV W197 ANDIM B215 IBANO G470 AKLAS W192 FKG A368 SARIN,
ZUTF-SARIN-02,LIRA LIRF,BOKIR W179 OMBON B330 GOBIN W66 NUKTI B215 FKG A368 SARIN,
ZUTF-TAMOT-01,RPLL RPMM WBKK YMML,ATVAX W234 NIXID B330 KWE W181 DUDIT A599 POU B330 TAMOT,
ZUUU-AGAVO-01,RKSI RKSM RKSS RKTU,GURET W233 AGULU W81 NSH G212 VYK W34 VAPGU W100 ORAVA W201 UNSEK A326 DONVO G597 AGAVO,
ZUUU-ARGUK-01,CYVR KLAX KSFO PAED PANC,GURET W233 AGULU W81 NSH G212 SOTMU B339 HUR B334 TGO G212 ARGUK,
ZUUU-GOPTO-01,LFAT LFPB LFPG LFPO,BOKIR W179 OMBON B330 SUNUV W197 ANDIM B215 IBANO G470 AKLAS W192 FKG G588 NIRAV B206 GOPTO,
ZUUU-GOPTO-02,LFAT LFPB LFPG LFPO,BOKIR W179 OMBON B330 SUNUV W197 ANDIM B215 IBANO G470 QTV W190 ADPET B206 GOPTO,
ZUUU-KAMUD-01,OIIE OIII OMDB OMDW,BOKIR W179 OMBON B330 SUNUV W197 ANDIM B215 NIXUK W621 DNH W187 SADAN W186 KAMUD,
ZUUU-KAMUD-02,OIIE OIII UTTT,BOKIR W179 OMBON B330 SUNUV W197 ANDIM B215 TODOD W112 TUSLI W187 SADAN W186 KAMUD,
ZUUU-KATBO-01,VVCR VVDN VVNB VVPQ VVTS,LUVEN G212 SGM A599 ADBAG R471 KATBO,
ZUUU-LAMEN-01,CYVR KLAX KSFO PAED PANC RJAA RJBB RJCC RJCO RJFF RJGG RJNA RJOO RJTT RJTY RKPC ROAH RONA RORS YSSY,UBRAB B213 WHA R343 PK W116 JTN G327 LAMEN,
ZUUU-LINSO-01,HAAB HECA LLBG OMAA OMAD OMDB OMDW OPKC OPLA OTBD OTHH VABB VCBI VCCC VGHS VIDP VNKT VOBG VOBL VOMM VRMM VVNB VYMD VYYY,LUVEN G212 SGM A599 LINSO,
ZUUU-MORIT-01,EDDF EDDM EFHK EGAE EGGW EGKK EGLL EGSS EHAM EKCH EKRK KBOS KEWR KJFK KLGA KMDW KORD LEMD LETO LFAT LFPB LFPG LFPO LHBP LIMB LIMC LIML LIRA LIRF LKPR LOWW LTBA LTFJ UIII ULLI UNKL UNNT USSS UUDD UUEE UUMO UUWW UWUU,BOKIR W179 OMBON B330 MORIT,
ZUUU-NIXAL-01,UNKL USSS,GURET W233 AGULU W81 NSH G212 WJC W193 ALGOV W101 DUDIL W69 TOREL W84 HET B208 NIXAL,
ZUUU-NONIM-01,VNKT,MUMGO B213 LXA B345 NONIM,
ZUUU-POLHO-01,KBOS KEWR KJFK KLGA KMDW KORD PAED PANC,GURET W233 AGULU W81 NSH G212 WJC W193 ALGOV W101 DUDIL W69 TOREL W84 HET G218 POLHO,
ZUUU-PURPA-01,OTBD OTHH,BOKIR W179 OMBON B330 SUNUV W197 ANDIM B215 TODOD W112 TUSLI W187 MAGIV B215 PURPA,
ZUUU-RULAD-01,EDDK EDFH EPWA OTBD OTHH UAAA,BOKIR W179 OMBON B330 SUNUV W197 ANDIM B215 IBANO G470 AKLAS W192 FKG B215 KABDO W119 GOBOK A343 RULAD,
ZUUU-SAGAG-01,FIMP FIMP VDPP VDSA VDSR VDSV VLLB VLVT VTBD VTBS VTBU VTCA VTCC VTCT VTSB VTSG VTSM VTSP WADD WADL WIDD WIDN WIHH WIII WMKK WMKL WMKP WSAP WSSL WSSS,LUVEN G212 SGM A581 SAGAG,
ZUUU-SARIN-01,EBBR EBCI EDDF EGAE EGGW EGKK EGLL EGSS EHAM EKCH EKRK ELLX HECA LFAT LFOK LFPB LFPG LFPO LGAV LIPO LIRA LIRF LKPR LLBG LOWW LTBA LTFJ OIIE OIII UACC ULLI URSS UUDD UUEE UUMO UUWW,BOKIR W179 OMBON B330 SUNUV W197 ANDIM B215 IBANO G470 AKLAS W192 FKG A368 SARIN,
ZUUU-SARIN-02,EGAE EGGW EGKK EGLL EGSS EHAM LEBL LGAV LHBP LIRA LIRF OIIE OIII,BOKIR W179 OMBON B330 GOBIN W66 NUKTI B215 FKG A368 SARIN,
ZUUU-SIMLI-01,PAED PANC,GURET W233 AGULU W81 NSH G212 WJC W193 ALGOV W101 DUDIL W69 HUR B334 TGO G212 HRB A588 SIMLI,
ZUUU-TAMOT-01,NZAA PGSN RPLL RPMM RPSP RPVK RPVM VVNB WADD WADL WAMM WBKK WBKK WBSB YMML YSSY,IDBOR B330 KWE W181 DUDIT A599 POU B330 TAMOT,
ZWSH-KAMUD-01,UAFF UAFU UCFM,KHG W176 MAGIV B215 LESVI W119 AKS W186 KAMUD,
ZWSH-PURPA-01,OPIS OPKC,KHG W176 MAGIV B215 PURPA,
ZWWW-AGAVO-01,RKSI RKSM RKSS,WUR W190 ADPET W188 GOVSA W66 DKO W69 HUR B339 LADIX W34 VAPGU W100 ORAVA W201 UNSEK A326 DONVO G597 AGAVO,
ZWWW-GOPTO-01,PAED PANC UNBB UNNT UNOO,WUR W190 ADPET B206 GOPTO,
ZWWW-KAMUD-01,OAKB OIIE OIII OIMM OMDB OMDW OMSJ UAFF UAFO UAFU UBBB UCFM UTAA UTDD UTDL UTFF UTSS UTTT,WUR B215 KABDO W119 LIMDO A468 KAMUD,
ZWWW-MORIT-01,UIII,WUR W190 ADPET W188 GOVSA W66 GOBIN B330 MORIT,
ZWWW-PURPA-01,LTBA LTFJ OMDB OMDW OMSJ OPIS OPKC OPLA,WUR B215 KABDO W119 LESVI B215 PURPA,
ZWWW-RULAD-01,UAAA UAFF UAFU UAII UBBB UCFM UDYZ URSS UTTT,WUR B215 KABDO W119 GOBOK A343 RULAD,
ZWWW-SAGAG-01,VTBD VTBS VTSP,WUR W190 ADPET W188 GOVSA W66 GOBIN B330 UBKER G212 SGM A581 SAGAG,
ZWWW-SAGAG-02,VTBD VTBS VTSP,WUR W190 ADPET W188 DAKPA W189 AKLAS W192 ESDEX W191 DNC W565 XIXAN B330 UBKER G212 SGM A581 SAGAG,
ZWWW-SARIN-01,EBLG EDDF EGAE EGGW EGKK EGLL EGSS EHAM EVRA LFAT LFPB LFPG LFPO LIMB LIMC LIML LIRA LIRF LOWW LTBA LTFJ OEJN OEMA OIIE OIII UACC UBBB UGTB UKBB UKBU UKKK UKKM ULLI USSS UTDD UTTT UUDD UUEE UUMO UUWW UWKD,WUR W190 VARMI A368 SARIN,
ZWWW-TEBUS-01,ZMKD,WUR W190 MULOR G588 TEBUS,
ZYCC-AGAVO-01,RJBB RJFF RJOO RKPC RKPK RKSI RKSM RKSS RKTN RKTU,LEMOT A588 CHI W107 SANKO A326 DONVO G597 AGAVO,
ZYCC-ARGUK-01,UHHH,ISLUK W656 PABKI A588 HRB G212 ARGUK,
ZYCC-BISUN-01,RJAA RJAH RJBB RJCC RJCO RJGG RJNA RJOO RJSS RJTT RJTY UHWW,LJB G341 WQG B451 BISUN,
ZYCC-GOLOT-01,ZKPY,LEMOT A588 BIDIB A345 GOLOT,
ZYCC-INTIK-01,EDDF,BUTET G341 TGO B334 KAKAT W28 UPREK A575 INTIK,
ZYCC-SARUL-01,ZMUB,ISLUK W656 PABKI A588 HRB B451 HLD A345 KAGAK G338 SARUL,
ZYCC-TAMOT-01,VVCR VVDN,BUTET G341 TGO G212 VYK W37 OMBEB R473 WYN W18 TAMOT,
ZYCC-TELOK-01,EKBI UIII UUDD UUEE UUMO UUWW,ISLUK W656 PABKI A588 HRB B451 HLD A345 TELOK,
ZYHB-AGAVO-01,RJAA RJGG RJNA RJTT RJTY RKPK RKSI RKSM RKSS RKTU,DUKIR W655 NIMEM W205 NULRA A588 CHI W107 SANKO A326 DONVO G597 AGAVO,
ZYHB-ARGUK-01,CYYZ KLAX KSJC PAED PANC UHHH UHSS,IGADO G212 ARGUK,
ZYHB-BISUN-01,RJAA RJAH RJBB RJGG RJNA RJNS RJOO RJSN RJTT RJTY UHWW,KETOV B451 BISUN,
ZYHB-SIMLI-01,UEEE UHBB,BUBDI A588 SIMLI,
ZYHB-TAMOT-01,VVCR VVDN WSAP WSSL WSSS,LEGAG W204 RUSBO G212 VYK W37 OMBEB R473 WYN W18 TAMOT,
ZYHB-TELOK-01,EKBI LFOK UIAA UIII UNAA UNKL UNNT USCC USSS,ONINA B451 HLD A345 TELOK,
ZYJM-AGAVO-01,RKSI RKSM RKSS,JMU G212 HRB A588 CHI W107 SANKO A326 DONVO G597 AGAVO,
ZYMD-BISUN-01,UHWW,MDJ W39 UGABI B451 BISUN,
ZYTL-AGAVO-01,RJAA RJAH RJBB RJCC RJCO RJFF RJFK RJFR RJGG RJNA RJNS RJNT RJOA RJOB RJOO RJSS RJTT RJTY RKNY RKPC RKPK RKSI RKSM RKSS RKTU,POVAG A326 DONVO G597 AGAVO,
ZYTL-ARGUK-01,UHHH,VENOS A588 HRB G212 ARGUK,
ZYTL-BISUN-01,UHSS UHWW,VENOS A588 LJB G341 WQG B451 BISUN,
ZYTL-POLHO-01,UIII,ORAVA W576 OVTUP W55 PAMRU W34 LADIX B339 POLHO,
ZYTL-SIMLI-01,UEEE,VENOS A588 SIMLI,
ZYTL-TAMOT-01,VVCR,KARPI W5 HCH W4 EKORO W37 OMBEB R473 WYN W18 TAMOT,
ZYTL-TELOK-01,UNAA,VENOS A588 BIDIB A345 TELOK,
ZYTL-TOMUK-01,ZKPY,POVAG A326 SANKO B332 TOMUK,
ZYTX-AGAVO-01,RJAA RJAH RJBB RJCC RJCO RJFF RJFR RJFS RJGG RJNA RJNS RJOO RJOT RJTT RJTY RKJB RKJJ RKNY RKPC RKPK RKSI RKSM RKSS RKTN RKTU ROAH RONA,TOSID A588 CHI W107 SANKO A326 DONVO G597 AGAVO,
ZYTX-ARGUK-01,CYVR KLAX KSFO UHHH,LEMOT A588 HRB G212 ARGUK,
ZYTX-BISUN-01,RJAA RJCA RJCC RJCO RJEC RJTT RJTY UHWW,LEMOT A588 LJB G341 WQG B451 BISUN,
ZYTX-GOLOT-01,RJAA RJBB RJGG RJNA RJNT RJOO RJTT RJTY ZKPY,ANSUK A345 GOLOT,
ZYTX-INTIK-01,UUDD UUEE UUMO UUWW UWUU,OMDUS A575 INTIK,
ZYTX-RULAD-01,UAAA,OMDUS A575 CHG W31 KAKAT W28 ATBUG W66 NUKTI B215 KABDO W119 GOBOK A343 RULAD,
ZYTX-SAGAG-01,VTBD VTBS,OMDUS A575 CHG G332 MUDAM G212 VYK B215 GODON W43 ATERI W193 WJC G212 SGM A581 SAGAG,
ZYTX-TAMOT-01,VVCR VVDN WADD WMKK WSAP WSSL WSSS,OMDUS A575 CHG G332 MUDAM G212 VYK W37 OMBEB R473 WYN W18 TAMOT,
ZYTX-TELOK-01,EDDF EGAE EGGW EGKK EGLL EGSS UIII ULLI UNKL UNNT UUDD UUEE UUMO UUWW UWLW,KYU A345 TELOK,
