Route Code,Fly along
VMMC-TOMUK,ZAO GUBLO W21 NUSLA W22 YIN A461 BUBDA W56 VYK W34 VAPGU W100 ORAVA W201 UNSEK A326 SANKO B332 TOMUK
VMMC-SADLI,ZAO GUBLO W22 SHL G471 PLT A599 JTN G327 LAMEN A593 SADLI
VMMC-RULAD,ZAO GUBLO W21 NUSLA W22 TEPID W24 OSNOV G586 QP B330 ELKAL W179 OMBON B330 SUNUV W197 ANDIM B215 IBANO G470 AKLAS W192 FKG B215 KABDO W119 GOBOK A343 RULAD
VMMC-MORIT,ZAO GUBLO W21 NUSLA W22 SHL W22 TEPID W24 OSNOV G586 QP B330 ELKAL W179 OMBON B330 MORIT
VMMC-LINSO,ZUH R200 LH R339 BSE A599 LINSO
VMMC-GOLOT,ZAO GUBLO W21 NUSLA W22 YIN A461 BUBDA W56 VYK W34 PAMRU W244 IGMOR W36 ENVAV W243 OTBUL W35 CHG A575 BIDIB A345 GOLOT
VMMC-ARGUK,ZAO GUBLO W21 NUSLA W22 YIN A461 BUBDA W56 VYK G212 SOTMU B339 HUR B334 TGO G212 ARGUK
VASRO-TELOK,VASRO R224 YNJ W39 UGABI B451 HLD A345 TELOK
TOMUK-VMMC,TOMUK B332 SANKO A326 UNSEK W55 PAMRU W34 VYK W37 OMBEB R473 NOLON W90 POU W7 SAREX W6 LATOP
AGAVO-TEBAK,AGAVO A591 IKEKA A326 AKARA A593 PK R343 MADUK W51 LEGIV W164 ADGOL W50 XSH W80 UDUMI W37 OLMIB W83 GOSMA R343 WUY R474 TEBAK
TOMUK-TAMOT,TOMUK B332 SANKO A326 UNSEK W55 PAMRU W34 VYK W37 OMBEB R473 WYN W18 TAMOT
TELOK-VASRO,TELOK A345 HLD B451 UGABI W39 YNJ R224 VASRO
TELOK-GOLOT,TELOK A345 GOLOT
TELOK-BISUN,TELOK A345 HLD B451 BISUN
TEBUS-SARIN,TEBUS G588 FKG A368 SARIN
TEBUS-RULAD,TEBUS G588 FKG B215 KABDO W119 GOBOK A343 RULAD
SM-G470-VHHH,SARIN A368 FKG W192 ESDEX W191 DNC W565 XIXAN B330 KWE W181 DUDIT A599 POU R473 SIERA/MORIT B330 KWE W181 DUDIT A599 POU R473 SIERA
SM-G470-TAMOT,SARIN A368 FKG W192 ESDEX W191 DNC W565 XIXAN B330 KWE W181 DUDIT A599 POU B330 TAMOT/MORIT B330 KWE W181 DUDIT A599 POU B330 TAMOT
SM-AGAVO,SIMLI A588 CHI W107 SANKO A326 DONVO G597 AGAVO/MAGIT R213 JMU G212 HRB A588 CHI W107 SANKO A326 DONVO G597 AGAVO
SIMLI-VHHH,SIMLI A588 HRB G212 VYK W37 OMBEB R473 WYN W18 NLG W23 ZUH R473 SIERA
SIMLI-TAMOT,SIMLI A588 HRB G212 VYK W37 OMBEB R473 WYN W18 TAMOT
SIMLI-AGAVO,SIMLI A588 CHI W107 SANKO A326 DONVO G597 AGAVO
TEBAK-GOPTO,TEBAK R474 WUY R343 LBN W2 SJG B330 ELKAL W179 OMBON B330 SUNUV W197 ANDIM B215 IBANO G470 AKLAS W192 FKG G588 NIRAV B206 GOPTO
SIKOU-LINSO,SIKOU R339 BSE A599 LINSO
SIKOU-ASSAD,SIKOU A202 ASSAD
SGM-VHHH,SARIN A368 FKG W188 GOVSA W66 GOBIN B330 KWE W181 DUDIT A599 POU R473 SIERA/GOPTO B206 ADPET W188 GOVSA W66 GOBIN B330 KWE W181 DUDIT A599 POU R473 SIERA/MORIT B330 KWE W181 DUDIT A599 POU R473 SIERA
SGM-TAMOT,SARIN A368 FKG W188 GOVSA W66 GOBIN B330 KWE W181 DUDIT A599 POU B330 TAMOT/GOPTO B206 ADPET W188 GOVSA W66 GOBIN B330 KWE W181 DUDIT A599 POU B330 TAMOT/MORIT B330 KWE W181 DUDIT A599 POU B330 TAMOT
SGMRN-G470-VHHH,SARIN A368 FKG W192 ESDEX W191 DNC W565 XIXAN B330 KWE W181 DUDIT A599 POU R473 SIERA/GOPTO B206 ADPET W188 DAKPA W189 AKLAS W192 ESDEX W191 DNC W565 XIXAN B330 KWE W181 DUDIT A599 POU R473 SIERA/MORIT B330 KWE W181 DUDIT A599 POU R473 SIERA/RULAD A343 POSOT B215 FKG W192 ESDEX W191 DNC W565 XIXAN B330 KWE W181 DUDIT A599 POU R473 SIERA/NIXAL G343 TMR B458 DADGA W37 OMBEB R473 WYN W18 NLG W23 ZUH R473 SIERA
SGMRN-G470-TAMOT,SARIN A368 FKG W192 ESDEX W191 DNC W565 XIXAN B330 KWE W181 DUDIT A599 POU B330 TAMOT/GOPTO B206 ADPET W188 DAKPA W189 AKLAS W192 ESDEX W191 DNC W565 XIXAN B330 KWE W181 DUDIT A599 POU B330 TAMOT/MORIT B330 KWE W181 DUDIT A599 POU B330 TAMOT/RULAD A343 POSOT B215 FKG W192 ESDEX W191 DNC W565 XIXAN B330 KWE W181 DUDIT A599 POU B330 TAMOT/NIXAL G343 TMR B458 DADGA W37 OMBEB R473 WYN W18 TAMOT
SGMRN-G470/Y1-VHHH,SARIN A368 FKG W192 ESDEX W191 DNC W565 XIXAN B330 KWE W181 DUDIT A599 POU R473 SIERA/GOPTO B206 ADPET W188 DAKPA W189 AKLAS W192 ESDEX W191 DNC W565 XIXAN B330 KWE W181 DUDIT A599 POU R473 SIERA/MORIT B330 KWE W181 DUDIT A599 POU R473 SIERA/RULAD A460 XKC L888 SADAN Y1 OMBON B330 KWE W181 DUDIT A599 POU R473 SIERA/NIXAL G343 TMR B458 DADGA W37 OMBEB R473 WYN W18 NLG W23 ZUH R473 SIERA
SGMRN-G470/Y1-TAMOT,SARIN A368 FKG W192 ESDEX W191 DNC W565 XIXAN B330 KWE W181 DUDIT A599 POU B330 TAMOT/GOPTO B206 ADPET W188 DAKPA W189 AKLAS W192 ESDEX W191 DNC W565 XIXAN B330 KWE W181 DUDIT A599 POU B330 TAMOT/MORIT B330 KWE W181 DUDIT A599 POU B330 TAMOT/RULAD A460 XKC L888 SADAN Y1 OMBON B330 KWE W181 DUDIT A599 POU B330 TAMOT/NIXAL G343 TMR B458 DADGA W37 OMBEB R473 WYN W18 TAMOT
SGMRN-G470/L888-VHHH,SARIN A368 FKG W192 ESDEX W191 DNC W565 XIXAN B330 KWE W181 DUDIT A599 POU R473 SIERA/GOPTO B206 ADPET W188 DAKPA W189 AKLAS W192 ESDEX W191 DNC W565 XIXAN B330 KWE W181 DUDIT A599 POU R473 SIERA/MORIT B330 KWE W181 DUDIT A599 POU R473 SIERA/RULAD A460 XKC L888 BIGOR W9 CZH B213 CTU W237 IDBOR B330 KWE W181 DUDIT A599 POU R473 SIERA/NIXAL G343 TMR B458 DADGA W37 OMBEB R473 WYN W18 NLG W23 ZUH R473 SIERA
SGMRN-G470/L888-TAMOT,SARIN A368 FKG W192 ESDEX W191 DNC W565 XIXAN B330 KWE W181 DUDIT A599 POU B330 TAMOT/GOPTO B206 ADPET W188 DAKPA W189 AKLAS W192 ESDEX W191 DNC W565 XIXAN B330 KWE W181 DUDIT A599 POU B330 TAMOT/MORIT B330 KWE W181 DUDIT A599 POU B330 TAMOT/RULAD A460 XKC L888 BIGOR W9 CZH B213 CTU W237 IDBOR B330 KWE W181 DUDIT A599 POU B330 TAMOT/NIXAL G343 TMR B458 DADGA W37 OMBEB R473 WYN W18 TAMOT
SGMRK-G470-VHHH,SARIN A368 FKG W192 ESDEX W191 DNC W565 XIXAN B330 KWE W181 DUDIT A599 POU R473 SIERA/GOPTO B206 ADPET W188 DAKPA W189 AKLAS W192 ESDEX W191 DNC W565 XIXAN B330 KWE W181 DUDIT A599 POU R473 SIERA/MORIT B330 KWE W181 DUDIT A599 POU R473 SIERA/RULAD A343 POSOT B215 FKG W192 ESDEX W191 DNC W565 XIXAN B330 KWE W181 DUDIT A599 POU R473 SIERA/KAMUD A468 XKC B215 FKG W192 ESDEX W191 DNC W565 XIXAN B330 KWE W181 DUDIT A599 POU R473 SIERA
SGMRK-G470-TAMOT,SARIN A368 FKG W192 ESDEX W191 DNC W565 XIXAN B330 KWE W181 DUDIT A599 POU B330 TAMOT/GOPTO B206 ADPET W188 DAKPA W189 AKLAS W192 ESDEX W191 DNC W565 XIXAN B330 KWE W181 DUDIT A599 POU B330 TAMOT/MORIT B330 KWE W181 DUDIT A599 POU B330 TAMOT/RULAD A343 POSOT B215 FKG W192 ESDEX W191 DNC W565 XIXAN B330 KWE W181 DUDIT A599 POU B330 TAMOT/KAMUD A468 XKC B215 FKG W192 ESDEX W191 DNC W565 XIXAN B330 KWE W181 DUDIT A599 POU B330 TAMOT
SGMRK-G470/Y1-VHHH,SARIN A368 FKG W192 ESDEX W191 DNC W565 XIXAN B330 KWE W181 DUDIT A599 POU R473 SIERA/GOPTO B206 ADPET W188 DAKPA W189 AKLAS W192 ESDEX W191 DNC W565 XIXAN B330 KWE W181 DUDIT A599 POU R473 SIERA/MORIT B330 KWE W181 DUDIT A599 POU R473 SIERA/RULAD A460 XKC L888 SADAN Y1 OMBON B330 KWE W181 DUDIT A599 POU R473 SIERA/KAMUD W186 SADAN Y1 OMBON B330 KWE W181 DUDIT A599 POU R473 SIERA
SGMRK-G470/Y1-TAMOT,SARIN A368 FKG W192 ESDEX W191 DNC W565 XIXAN B330 KWE W181 DUDIT A599 POU B330 TAMOT/GOPTO B206 ADPET W188 DAKPA W189 AKLAS W192 ESDEX W191 DNC W565 XIXAN B330 KWE W181 DUDIT A599 POU B330 TAMOT/MORIT B330 KWE W181 DUDIT A599 POU B330 TAMOT/RULAD A460 XKC L888 SADAN Y1 OMBON B330 KWE W181 DUDIT A599 POU B330 TAMOT/KAMUD W186 SADAN Y1 OMBON B330 KWE W181 DUDIT A599 POU B330 TAMOT
SGMRK-G470/L888-VHHH,SARIN A368 FKG W192 ESDEX W191 DNC W565 XIXAN B330 KWE W181 DUDIT A599 POU R473 SIERA/GOPTO B206 ADPET W188 DAKPA W189 AKLAS W192 ESDEX W191 DNC W565 XIXAN B330 KWE W181 DUDIT A599 POU R473 SIERA/MORIT B330 KWE W181 DUDIT A599 POU R473 SIERA/RULAD A460 XKC L888 BIGOR W9 CZH B213 CTU W237 IDBOR B330 KWE W181 DUDIT A599 POU R473 SIERA/KAMUD W186 SADAN Y1 OMBON B330 KWE W181 DUDIT A599 POU R473 SIERA
SGMRK-G470/L888-TAMOT,SARIN A368 FKG W192 ESDEX W191 DNC W565 XIXAN B330 KWE W181 DUDIT A599 POU B330 TAMOT/GOPTO B206 ADPET W188 DAKPA W189 AKLAS W192 ESDEX W191 DNC W565 XIXAN B330 KWE W181 DUDIT A599 POU B330 TAMOT/MORIT B330 KWE W181 DUDIT A599 POU B330 TAMOT/RULAD A460  XKC L888 BIGOR W9 CZH B213 CTU W237 IDBOR B330 KWE W181 DUDIT A599 POU B330 TAMOT/KAMUD W186 SADAN Y1 OMBON B330 KWE W181 DUDIT A599 POU B330 TAMOT
SGMN-VHHH,SARIN A368 FKG W188 GOVSA W66 GOBIN B330 KWE W181 DUDIT A599 POU R473 SIERA/GOPTO B206 ADPET W188 DAKPA W189 AKLAS W192 ESDEX W191 DNC W565 XIXAN B330 KWE W181 DUDIT A599 POU R473 SIERA/MORIT B330 KWE W181 DUDIT A599 POU R473 SIERA/NIXAL G343 TMR B458 DADGA W37 OMBEB R473 WYN W18 NLG W23 ZUH R473 SIERA
SGMN-TAMOT,SARIN A368 FKG W188 GOVSA W66 GOBIN B330 KWE W181 DUDIT A599 POU B330 TAMOT/GOPTO B206 ADPET W188 GOVSA W66 GOBIN B330 KWE W181 DUDIT A599 POU B330 TAMOT/MORIT B330 KWE W181 DUDIT A599 POU B330 TAMOT/NIXAL G343 TMR B458 DADGA W37 OMBEB R473 WYN W18 TAMOT
SGMN-G470-VHHH,SARIN A368 FKG W192 ESDEX W191 DNC W565 XIXAN B330 KWE W181 DUDIT A599 POU R473 SIERA/GOPTO B206 ADPET W188 DAKPA W189 AKLAS W192 ESDEX W191 DNC W565 XIXAN B330 KWE W181 DUDIT A599 POU R473 SIERA/MORIT B330 KWE W181 DUDIT A599 POU R473 SIERA/NIXAL G343 TMR B458 DADGA W37 OMBEB R473 WYN W18 NLG W23 ZUH R473 SIERA
SGMN-G470-TAMOT,SARIN A368 FKG W192 ESDEX W191 DNC W565 XIXAN B330 KWE W181 DUDIT A599 POU B330 TAMOT/GOPTO B206 ADPET W188 DAKPA W189 AKLAS W192 ESDEX W191 DNC W565 XIXAN B330 KWE W181 DUDIT A599 POU B330 TAMOT/MORIT B330 KWE W181 DUDIT A599 POU B330 TAMOT/NIXAL G343 TMR B458 DADGA W37 OMBEB R473 WYN W18 TAMOT
SGM-G470-VHHH,SARIN A368 FKG W192 ESDEX W191 DNC W565 XIXAN B330 KWE W181 DUDIT A599 POU R473 SIERA/GOPTO B206 ADPET W188 DAKPA W189 AKLAS W192 ESDEX W191 DNC W565 XIXAN B330 KWE W181 DUDIT A599 POU R473 SIERA/MORIT B330 KWE W181 DUDIT A599 POU R473 SIERA
SGM-G470-TAMOT,SARIN A368 FKG W192 ESDEX W191 DNC W565 XIXAN B330 KWE W181 DUDIT A599 POU B330 TAMOT/GOPTO B206 ADPET W188 DAKPA W189 AKLAS W192 ESDEX W191 DNC W565 XIXAN B330 KWE W181 DUDIT A599 POU B330 TAMOT/MORIT B330 KWE W181 DUDIT A599 POU B330 TAMOT
SG-G470-VHHH,SARIN A368 FKG W192 ESDEX W191 DNC W565 XIXAN B330 KWE W181 DUDIT A599 POU R473 SIERA/GOPTO B206 ADPET W188 DAKPA W189 AKLAS W192 ESDEX W191 DNC W565 XIXAN B330 KWE W181 DUDIT A599 POU R473 SIERA
SG-G470-TAMOT,SARIN A368 FKG W192 ESDEX W191 DNC W565 XIXAN B330 KWE W181 DUDIT A599 POU B330 TAMOT/GOPTO B206 ADPET W188 DAKPA W189 AKLAS W192 ESDEX W191 DNC W565 XIXAN B330 KWE W181 DUDIT A599 POU B330 TAMOT
SARIN-VHHH,SARIN A368 FKG W188 GOVSA W66 GOBIN B330 KWE W181 DUDIT A599 POU R473 SIERA
BISUN-TEBAK,BISUN B451 WQG G341 TGO G212 BUMDU W47 ASAVA W45 NUPTI R343 WUY R474 TEBAK
SARIN-TEBUS,SARIN A368 FKG G588 TEBUS
SARIN-SAGAG,SARIN A368 FKG W188 GOVSA W66 GOBIN B330 UBKER G212 SGM A581 SAGAG  
GOLOT-TEBAK,GOLOT A345 BIDIB A575 CHG G332 MUDAM G212 BUMDU W47 ASAVA W45 NUPTI R343 WUY R474 TEBAK
SARIN-LINSO,SARIN A368 FKG W192 ESDEX W191 DNC W565 XIXAN B330 UBKER G212 SGM A599 LINSO
SARIN-G470-VHHH,SARIN A368 FKG W192 ESDEX W191 DNC W565 XIXAN B330 KWE W181 DUDIT A599 POU R473 SIERA
SARIN-G470-TAMOT,SARIN A368 FKG W192 ESDEX W191 DNC W565 XIXAN B330 KWE W181 DUDIT A599 POU B330 TAMOT
SARIN-G470-SAGAG,SARIN A368 FKG W192 ESDEX W191 DNC W565 XIXAN B330 UBKER G212 SGM A581 SAGAG
GOPTO-TEBAK,GOPTO B206 ADPET W188 GOVSA W66 GOBIN B330 SJG W2 LBN R343 WUY R474 TEBAK
SARIN-AGAVO,SARIN A368 FKG W188 GOVSA W66 DKO W69 HUR B339 LADIX W34 VAPGU W100 ORAVA W201 UNSEK A326 DONVO G597 AGAVO
SAGAG-Y1-RULAD,SAGAG A581 SGM W144 IGNAK W179 OMBON Y1 SADAN L888 XKC A460 RULAD
SAGAG-SARIN,SAGAG A581 SGM W144 IGNAK W179 OMBON B330 GOBIN W66 NUKTI B215 FKG A368 SARIN
INTIK-TEBAK,INTIK W32 HET B208 SQ W45 NUPTI R343 WUY R474 TEBAK
SAGAG-SADLI,SAGAG A581 WHA R343 PK W116 JTN G327 LAMEN A593 SADLI
SAGAG-RULAD,SAGAG A581 SGM W144 IGNAK W179 OMBON B330 GOBIN W66 NUKTI B215 KABDO W119 GOBOK A343 RULAD
SAGAG-NIXAL,SAGAG A581 SGM W144 IGNAK W179 WFX W81 NSH G212 AVKES W175 TYN B208 NIXAL
SAGAG-MORIT,SAGAG A581 SGM W144 IGNAK W179 OMBON B330 MORIT
SAGAG-L888-RULAD,SAGAG A581 BIDRU L888 XKC A460 RULAD
SAGAG-L888-PURPA,SAGAG A581 BIDRU L888 NOLEP W112 PURPA
SAGAG-KAMUD,SAGAG A581 SGM W144 IGNAK W179 OMBON B330 SUNUV W197 ANDIM B215 TODOD W112 TUSLI W187 SADAN W186 KAMUD
SIKOU-SARIN,SIKOU R339 BSE A599 SGM W144 IGNAK W179 OMBON B330 SUNUV W197 ANDIM B215 IBANO G470 AKLAS W192 FKG A368 SARIN
SAGAG-G470-SARIN,SAGAG A581  SGM W144 IGNAK W179 OMBON B330 SUNUV W197 ANDIM B215 IBANO G470 AKLAS W192 FKG A368 SARIN
SADLI-WHA-LINSO,SADLI A593 PK R343 MADUK W51 LEGIV W164 ADGOL W50 XSH W80 IDGAG A581 QNX W136 XISLI A581 SGM A599 LINSO
SADLI-VMMC,SADLI A593 PUD A599 NXD W131 AKDIM A470 DUBGO W134 ELNEX A599 PLT W19 MABAG W20 NOLON W90 POU W7 SAREX W6 LATOP
SADLI-VHHH,SADLI A593 PUD A599 NXD W131 AKDIM A470 DUBGO W134 ELNEX A599 PLT W19 NOMAR W18 NLG W23 ZUH R473 SIERA
SADLI-TAMOT,SADLI A593 PUD A599 NXD W131 AKDIM A470 DUBGO W134 ELNEX A599 PLT W19 NOMAR W18 TAMOT
SADLI-SAGAG,SADLI A593 PK R343 MADUK W51 LEGIV W164 ADGOL W50 XSH W80 IDGAG A581 QNX W136 XISLI A581 SAGAG
SADLI-RULAD,SADLI A593 DALIM W157 VYK G212 SOTMU B339 ASILA A575 UPREK W28 ATBUG W66 NUKTI B215 KABDO W119 GOBOK A343 RULAD
SADLI-NIXAL,SADLI A593 PK R343 HFE B208 NIXAL
SADLI-MAGOG,SADLI A593 PUD A599 NXD W131 AKDIM A470 MAGOG
SADLI-M503-MAGOG,SADLI A593 DUMET W114 LASAN W13 BEGMO M503 LAPUG R200 BEBEM A470 MAGOG
SADLI-LINSO,SADLI A593 PUD A599 NXD W131 AKDIM A470 DUBGO W134 ELNEX A599 LINSO
SADLI-INTIK,SADLI A593 PK R343 HFE B208 HET W32 INTIK
MAGIT-TEBAK,MAGIT R213 JMU G212 BUMDU W47 ASAVA W45 NUPTI R343 WUY R474 TEBAK
RULAD-Y1-VHHH,RULAD A460 XKC L888 SADAN Y1 OMBON B330 KWE W181 DUDIT A599 POU R473 SIERA
RULAD-Y1-TAMOT,RULAD A460 XKC L888 SADAN Y1 OMBON B330 KWE W181 DUDIT A599 POU B330 TAMOT
RULAD-Y1-SAGAG,RULAD A460 XKC L888 SADAN Y1 OMBON B330 UBKER G212 SGM A581 SAGAG
RULAD-VMMC,RULAD A343 POSOT B215 FKG W188 GOVSA W66 GOBIN B330 KWE W181 DUDIT A599 POU W7 SAREX W6 LATOP
RULAD-VHHH,RULAD A343 POSOT B215 FKG W188 GOVSA W66 GOBIN B330 KWE W181 DUDIT A599 POU R473 SIERA
RULAD-TEBUS,RULAD A343 POSOT B215 FKG G588 TEBUS
RULAD-TAMOT,RULAD A343 POSOT B215 FKG W188 GOVSA W66 GOBIN B330 KWE W181 DUDIT A599 POU B330 TAMOT
RULAD-SAGAG,RULAD A343 POSOT B215 FKG W188 GOVSA W66 GOBIN B330 UBKER G212 SGM A581 SAGAG
RULAD-SADLI,RULAD A343 POSOT B215 FKG W188 GOVSA W66 DKO W69 HUR B339 SOTMU W98 ELKUR W40 YQG W142 DALIM A593 PK W116 JTN G327 LAMEN A593 SADLI
RULAD-PURPA,RULAD A460 EXURU W119 LESVI B215 PURPA
RULAD-LINSO,RULAD A343 POSOT B215  FKG  W192 ESDEX W191 DNC W565 XIXAN B330 UBKER G212 SGM  A599 LINSO
RULAD-L888-VHHH,RULAD A460 XKC L888 BIGOR W9 CZH B213 CTU W237 IDBOR B330 KWE W181 DUDIT A599 POU R473 SIERA
RULAD-L888-TAMOT,RULAD A460 XKC L888 BIGOR W9 CZH B213 CTU W237 IDBOR B330 KWE W181 DUDIT A599 POU B330 TAMOT
RULAD-L888-SAGAG,RULAD A460 XKC L888 BIDRU A581 SAGAG
RULAD-G470-VHHH,RULAD A343 POSOT B215 FKG W192 ESDEX W191 DNC W565 XIXAN B330 KWE W181 DUDIT A599 POU R473 SIERA
NIXAL-TEBAK,NIXAL B208 SQ W45 NUPTI R343 WUY R474 TEBAK
RULAD-G470-TAMOT,RULAD A343 POSOT B215 FKG W192 ESDEX W191 DNC W565 XIXAN B330 KWE W181 DUDIT A599 POU B330 TAMOT
RULAD-G470-SAGAG,RULAD A343 POSOT B215 FKG W192 ESDEX W191 DNC W565 XIXAN B330 UBKER G212 SGM A581 SAGAG
RULAD-AGAVO,RULAD A343 POSOT B215 FKG W188 GOVSA W66 DKO W69 HUR B339 LADIX W34 VAPGU W100 ORAVA W201 UNSEK A326 DONVO G597 AGAVO
PURPA-W112-VHHH,PURPA W112 TUSLI W187 IBANO B215 NUKTI W66 GOBIN B330 KWE W181 DUDIT A599 POU R473 SIERA
PURPA-W112-SAGAG,PURPA W112 TUSLI W187 IBANO B215 NUKTI W66 GOBIN B330 UBKER G212 SGM A581 SAGAG
PURPA-W112-AGAVO,PURPA W112 TUSLI W187 IBANO B215 NUKTI W66 DKO W69 HUR B339 LADIX W34 VAPGU W100 ORAVA W201 UNSEK A326 DONVO G597 AGAVO
PURPA-RULAD,PURPA B215 XKC A460 RULAD
PURPA-L888-SAGAG,PURPA W112 NOLEP L888 BIDRU A581 SAGAG
PURPA-GOPTO,PURPA B215 FKG G588 NIRAV B206 GOPTO
POLHO-VHHH,POLHO G218 TMR B458 DADGA W37 OMBEB R473 WYN W18 NLG W23 ZUH R473 SIERA
POLHO-AGAVO,POLHO W33 UKDUM W201 UNSEK A326 DONVO G597 AGAVO
NIXAL-VHHH,NIXAL G343 TMR B458 DADGA W37 OMBEB R473 WYN W18 NLG W23 ZUH R473 SIERA
NIXAL-TAMOT,NIXAL G343 TMR B458 DADGA W37 OMBEB R473 WYN W18 TAMOT
NIXAL-SAGAG,NIXAL B208 EKETA B215 GODON  W43 ATERI W193 WJC G212 SGM A581 SAGAG
NIXAL-SADLI,NIXAL B208 PAMRUO W129 KAMDA W128 FYG B208 HFE R343 PK W116 JTN G327 LAMEN A593 SADLI
MPSMS-VHHH,MAGIT R213 JMU G212 VYK W37 OMBEB R473 WYN W18 NLG W23 ZUH R473 SIERA/POLHO G218 TMR B458 DADGA W37 OMBEB R473 WYN W18 NLG W23 ZUH R473 SIERA/SIMLI A588 HRB G212 VYK W37 OMBEB R473 WYN W18 NLG W23 ZUH R473 SIERA/MORIT B330 KWE W181 DUDIT A599 POU R473 SIERA/SADLI A593 PUD A599 NXD W131 AKDIM A470 DUBGO W134 ELNEX A599 PLT W19 NOMAR W18 NLG W23 ZUH R473 SIERA
MPSMS-TAMOT,MAGIT R213 JMU G212 VYK W37 OMBEB R473 WYN W18 TAMOT/POLHO G218 TMR B458 DADGA W37 OMBEB R473 WYN W18 TAMOT/SIMLI A588 HRB G212 VYK W37 OMBEB R473 WYN W18 TAMOT/MORIT B330 KWE W181 DUDIT A599 POU B330 TAMOT/SADLI A593 PUD A599 NXD W131 AKDIM A470 DUBGO W134 ELNEX A599 PLT W19 NOMAR W18 TAMOT
MORIT-VMMC,MORIT B330 KWE W181 DUDIT A599 POU W7 SAREX W6 LATOP
MORIT-VHHH,MORIT B330 KWE W181 DUDIT A599 POU R473 SIERA
MORIT-TAMOT,MORIT B330 KWE W181 DUDIT A599 POU B330 TAMOT
MORIT-SAGAG,MORIT B330 UBKER G212 SGM A581 SAGAG
MORIT-LINSO,MORIT B330 UBKER G212 SGM A599 LINSO
MORIT-KATBO,MORIT B330 UBKER G212 SGM A599 ADBAG R471 KATBO
MN-VHHH,MORIT B330 KWE W181 DUDIT A599 POU R473 SIERA/NIXAL G343 TMR B458 DADGA W37 OMBEB R473 WYN W18 NLG W23 ZUH R473 SIERA
MN-TAMOT,MORIT B330 KWE W181 DUDIT A599 POU B330 TAMOT/NIXAL G343 TMR B458 DADGA W37 OMBEB R473 WYN W18 TAMOT
MAGOG-SADLI,MAGOG A470 TOL A599 JTN G327 LAMEN A593 SADLI
MAGIT-VHHH,MAGIT R213 JMU G212 VYK W37 OMBEB R473 WYN W18 NLG W23 ZUH R473 SIERA
MAGIT-TAMOT,MAGIT R213 JMU G212 VYK W37 OMBEB R473 WYN W18 TAMOT
MAGIT-AGAVO,MAGIT R213 JMU G212 HRB A588 CHI W107 SANKO A326 DONVO G597 AGAVO
LINSO-WHA-SADLI,LINSO A599 SGM A581 WHA R343 PK W116 JTN G327 LAMEN A593 SADLI
LINSO-VMMC,LINSO A599 POU W7 SAREX W6 LATOP
LINSO-VHHH,LINSO A599 POU R473 SIERA
LINSO-TAMOT,LINSO A599 POU B330 TAMOT
SAGAG-G470-RULAD,SAGAG A581 SGM W144 IGNAK W179 OMBON B330 SUNUV W197 ANDIM B215 IBANO G470 AKLAS W192 FKG B215 KABDO W119 GOBOK A343 RULAD
LINSO-SADLI,LINSO A599 POU G471 PLT A599 JTN G327 LAMEN A593 SADLI
SADLI-TEBAK,SADLI A593 PUD A599 NXD W131 AKDIM A470 DUBGO W134 ELNEX A599 GYA R474 TEBAK
LINSO-SARIN,LINSO A599  SGM W144 IGNAK W179 OMBON B330 SUNUV W197 ANDIM B215 IBANO G470 AKLAS W192 FKG A368 SARIN
LINSO-MORIT,LINSO A599  SGM W144 IGNAK W179 OMBON B330 MORIT
KATBO-MORIT,KATBO R471 ADBAG A599 SGM W144 IGNAK W179 OMBON B330 MORIT
SADLI-WHA-TEBAK,SADLI A593 PK R343 MADUK W51 LEGIV W164 ADGOL W50 XSH W80 UDUMI W37 OLMIB W83 GOSMA R343 WUY R474 TEBAK
KAMUD-Y1-VHHH,KAMUD W186 SADAN Y1 OMBON B330 KWE W181 DUDIT A599 POU R473 SIERA
KAMUD-Y1-TAMOT,KAMUD W186 SADAN Y1 OMBON B330 KWE W181 DUDIT A599 POU B330 TAMOT
KAMUD-VHHH,KAMUD A468 XKC B215 FKG W188 GOVSA W66 GOBIN B330 KWE W181 DUDIT A599 POU R473 SIERA
KAMUD-TAMOT,KAMUD A468 XKC B215 FKG W188 GOVSA W66 GOBIN B330 KWE W181 DUDIT A599 POU B330 TAMOT
KAMUD-SAGAG,KAMUD W186 SADAN W187 TUSLI W112 VIKUP W191 DNC W565 XIXAN B330 UBKER G212 SGM A581 SAGAG
KAMUD-G470-VHHH,KAMUD A468 XKC B215 FKG W192 ESDEX W191 DNC W565 XIXAN B330 KWE W181 DUDIT A599 POU R473 SIERA
KAMUD-G470-TAMOT,KAMUD A468 XKC B215 FKG W192 ESDEX W191 DNC W565 XIXAN B330 KWE W181 DUDIT A599 POU B330 TAMOT
KAMUD-AGAVO,KAMUD A468 XKC B215 FKG W188 GOVSA W66 DKO W69 HUR B339 LADIX W34 VAPGU W100 ORAVA W201 UNSEK A326 DONVO G597 AGAVO
INTIK-VHHH,INTIK A575 LHT B458 DADGA W37 OMBEB R473 WYN W18 NLG W23 ZUH R473 SIERA
INTIK-TAMOT,INTIK A575 LHT B458 DADGA W37 OMBEB R473 WYN W18 TAMOT
INTIK-SADLI,INTIK W32 HET B208 PAMRUO W129 KAMDA W128 FYG B208 HFE R343 PK W116 JTN G327 LAMEN A593 SADLI
GOPTO-VHHH,GOPTO B206 ADPET W188 GOVSA W66 GOBIN B330 KWE W181 DUDIT A599 POU R473 SIERA
GOPTO-TAMOT,GOPTO B206 ADPET W188 GOVSA W66 GOBIN B330 KWE W181 DUDIT A599 POU B330 TAMOT
GOPTO-PURPA,GOPTO B206 NIRAV G588 FKG B215 KABDO W119 LESVI B215 PURPA
SARIN-G470-TEBAK,SARIN A368 FKG W192 ESDEX W191 DNC W565 XIXAN B330 SJG W2 LBN R343 WUY R474 TEBAK
GOLOT-VMMC,GOLOT A345 BIDIB A575 CHG G332 MUDAM G212 VYK W37 OMBEB R473 NOLON W90 POU W7 SAREX W6 LATOP
GOLOT-TELOK,GOLOT A345 TELOK
BISUN-VHHH,BISUN B451 WQG G341 TGO G212 VYK W37 OMBEB R473 WYN W18 NLG W23 ZUH R473 SIERA
BISUN-TELOK,BISUN B451 HLD A345 TELOK
BISUN-AGAVO,BISUN B451 WQG G341 LJB A588 CHI W107 SANKO A326 DONVO G597 AGAVO
BEKOL-Y1-RULAD,BEKOL A461 SHL W22 TEPID W24 OSNOV G586 QP B330 ELKAL W179 OMBON Y1 SADAN L888 XKC A460 RULAD
BEKOL-Y1-KAMUD,BEKOL A461 SHL W22 TEPID W24 OSNOV G586 QP B330 ELKAL W179 OMBON Y1 SADAN W186 KAMUD
BEKOL-TOMUK,BEKOL A461 BUBDA W56 VYK W34 VAPGU W100 ORAVA W201 UNSEK A326 SANKO B332 TOMUK
BEKOL-SIMLI,BEKOL A461 BUBDA W56 VYK G212 SOTMU B339 HUR B334 TGO G212 HRB A588 SIMLI
BEKOL-SGMN,BEKOL A461 SHL W22 TEPID W24 OSNOV G586 QP B330 ELKAL W179 OMBON B330 GOBIN W66 NUKTI B215 FKG A368 SARIN/BEKOL A461 SHL W22 TEPID W24 OSNOV G586 QP B330 ELKAL W179 OMBON B330 GOBIN W66 NUKTI B215 HAM W99 QTV W190 ADPET B206 GOPTO/BEKOL A461 SHL W22 TEPID W24 OSNOV G586 QP B330 ELKAL W179 OMBON B330 MORIT/BEKOL A461 BUBDA W56 OBMEP B208 NIXAL
BEKOL-SGM,BEKOL A461 SHL W22 TEPID W24 OSNOV G586 QP B330 ELKAL W179 OMBON B330 GOBIN W66 NUKTI B215 FKG A368 SARIN/BEKOL A461 SHL W22 TEPID W24 OSNOV G586 QP B330 ELKAL W179 OMBON B330 GOBIN W66 NUKTI B215 HAM W99 QTV W190 ADPET B206 GOPTO/BEKOL A461 SHL W22 TEPID W24 OSNOV G586 QP B330 ELKAL W179 OMBON B330 MORIT
BEKOL-SARIN,BEKOL A461 SHL W22 TEPID W24 OSNOV G586 QP B330 ELKAL W179 OMBON B330 GOBIN W66 NUKTI B215 FKG A368 SARIN
BEKOL-SADLI,BEKOL A461 SHL G471 PLT A599 JTN G327 LAMEN A593 SADLI
BEKOL-RULAD,BEKOL A461 SHL W22 TEPID W24 OSNOV G586 QP B330 ELKAL W179 OMBON B330 GOBIN W66 NUKTI B215 KABDO W119 GOBOK A343 RULAD
BEKOL-POLHO,BEKOL A461 BUBDA W56 OBMEP B208 HET G218 POLHO
BEKOL-NIXAL,BEKOL A461 BUBDA W56 OBMEP B208 NIXAL
BEKOL-MORIT,BEKOL A461 SHL W22 TEPID W24 OSNOV G586 QP B330 ELKAL W179 OMBON B330 MORIT
BEKOL-MN,BEKOL A461 SHL W22 TEPID W24 OSNOV G586 QP B330 ELKAL W179 OMBON B330 MORIT/BEKOL A461 BUBDA W56 OBMEP B208 NIXAL
BEKOL-L888-RULAD,BEKOL A461 SHL W22 TEPID W24 OSNOV G586 QP B330 ELKAL W179 WFX B213 PEXUN L888 XKC A460 RULAD
BEKOL-KAMUD,BEKOL A461 SHL W22 TEPID W24 OSNOV G586 QP B330 ELKAL W179 OMBON B330 GOBIN W66 NUKTI B215 KABDO W119 LIMDO A468 KAMUD
BEKOL-INTIK,BEKOL A461 BUBDA W56 OBMEP B208 HET W32 INTIK
BEKOL-GOPTO,BEKOL A461 SHL W22 TEPID W24 OSNOV G586 QP B330 ELKAL W179 OMBON B330 GOBIN W66 NUKTI B215 HAM W99 QTV W190 ADPET B206 GOPTO
LINSO-RULAD,LINSO A599  SGM W144 IGNAK W179 OMBON B330 SUNUV W197 ANDIM B215 IBANO G470 AKLAS W192 FKG B215 KABDO W119 GOBOK A343 RULAD
BEKOL-G470-SGMRN,BEKOL A461 SHL W22 TEPID W24 OSNOV G586 QP B330 ELKAL W179 OMBON B330 SUNUV W197 ANDIM B215 IBANO G470 AKLAS W192 FKG A368 SARIN/BEKOL A461 SHL W22 TEPID W24 OSNOV G586 QP B330 ELKAL W179 OMBON B330 SUNUV W197 ANDIM B215 IBANO G470 AKLAS W192 FKG G588 NIRAV B206 GOPTO/BEKOL A461 SHL W22 TEPID W24 OSNOV G586 QP B330 ELKAL W179 OMBON B330 MORIT/BEKOL A461 SHL W22 TEPID W24 OSNOV G586 QP B330 ELKAL W179 OMBON B330 SUNUV W197 ANDIM B215 IBANO G470 AKLAS W192 FKG B215 KABDO W119 GOBOK A343 RULAD/BEKOL A461 BUBDA W56 OBMEP B208 NIXAL
BEKOL-G470-SGMRK,BEKOL A461 SHL W22 TEPID W24 OSNOV G586 QP B330 ELKAL W179 OMBON B330 SUNUV W197 ANDIM B215 IBANO G470 AKLAS W192 FKG A368 SARIN/BEKOL A461 SHL W22 TEPID W24 OSNOV G586 QP B330 ELKAL W179 OMBON B330 SUNUV W197 ANDIM B215 IBANO G470 AKLAS W192 FKG G588 NIRAV B206 GOPTO/BEKOL A461 SHL W22 TEPID W24 OSNOV G586 QP B330 ELKAL W179 OMBON B330 MORIT/BEKOL A461 SHL W22 TEPID W24 OSNOV G586 QP B330 ELKAL W179 OMBON B330 SUNUV W197 ANDIM B215 IBANO G470 AKLAS W192 FKG B215 KABDO W119 GOBOK A343 RULAD/BEKOL A461 SHL W22 TEPID W24 OSNOV G586 QP B330 ELKAL W179 OMBON B330 SUNUV W197 ANDIM B215 IBANO G470 AKLAS W192 FKG B215 KABDO W119 LIMDO A468 KAMUD
BEKOL-G470-SGMN,BEKOL A461 SHL W22 TEPID W24 OSNOV G586 QP B330 ELKAL W179 OMBON B330 SUNUV W197 ANDIM B215 IBANO G470 AKLAS W192 FKG A368 SARIN/BEKOL A461 SHL W22 TEPID W24 OSNOV G586 QP B330 ELKAL W179 OMBON B330 SUNUV W197 ANDIM B215 IBANO G470 AKLAS W192 FKG G588 NIRAV B206 GOPTO/BEKOL A461 SHL W22 TEPID W24 OSNOV G586 QP B330 ELKAL W179 OMBON B330 MORIT/BEKOL A461 BUBDA W56 OBMEP B208 NIXAL
BEKOL-G470-SGM,BEKOL A461 SHL W22 TEPID W24 OSNOV G586 QP B330 ELKAL W179 OMBON B330 SUNUV W197 ANDIM B215 IBANO G470 AKLAS W192 FKG A368 SARIN/BEKOL A461 SHL W22 TEPID W24 OSNOV G586 QP B330 ELKAL W179 OMBON B330 SUNUV W197 ANDIM B215 IBANO G470 AKLAS W192 FKG G588 NIRAV B206 GOPTO/BEKOL A461 SHL W22 TEPID W24 OSNOV G586 QP B330 ELKAL W179 OMBON B330 MORIT
BEKOL-G470-SM,BEKOL A461 SHL W22 TEPID W24 OSNOV G586 QP B330 ELKAL W179 OMBON B330 SUNUV W197 ANDIM B215 IBANO G470 AKLAS W192 FKG A368 SARIN/BEKOL A461 SHL W22 TEPID W24 OSNOV G586 QP B330 ELKAL W179 OMBON B330 MORIT
BEKOL-G470-SARIN,BEKOL A461 SHL W22 TEPID W24 OSNOV G586 QP B330 ELKAL W179 OMBON B330 SUNUV W197 ANDIM B215 IBANO G470 AKLAS W192 FKG A368 SARIN
BEKOL-G470-RULAD,BEKOL A461 SHL W22 TEPID W24 OSNOV G586 QP B330 ELKAL W179 OMBON B330 SUNUV W197 ANDIM B215 IBANO G470 AKLAS W192 FKG B215 KABDO W119 GOBOK A343 RULAD
SIKOU-TEBAK,SIKOU R339 WUY R474 TEBAK
BEKOL-G470/Y1-SGMRN,BEKOL A461 SHL W22 TEPID W24 OSNOV G586 QP B330 ELKAL W179 OMBON B330 SUNUV W197 ANDIM B215 IBANO G470 AKLAS W192 FKG A368 SARIN/BEKOL A461 SHL W22 TEPID W24 OSNOV G586 QP B330 ELKAL W179 OMBON B330 SUNUV W197 ANDIM B215 IBANO G470 AKLAS W192 FKG G588 NIRAV B206 GOPTO/BEKOL A461 SHL W22 TEPID W24 OSNOV G586 QP B330 ELKAL W179 OMBON B330 MORIT/BEKOL A461 SHL W22 TEPID W24 OSNOV G586 QP B330 ELKAL W179 OMBON Y1 SADAN L888 XKC A460 RULAD/BEKOL A461 BUBDA W56 OBMEP B208 NIXAL
BEKOL-G470/Y1-SGMRK,BEKOL A461 SHL W22 TEPID W24 OSNOV G586 QP B330 ELKAL W179 OMBON B330 SUNUV W197 ANDIM B215 IBANO G470 AKLAS W192 FKG A368 SARIN/BEKOL A461 SHL W22 TEPID W24 OSNOV G586 QP B330 ELKAL W179 OMBON B330 SUNUV W197 ANDIM B215 IBANO G470 AKLAS W192 FKG G588 NIRAV B206 GOPTO/BEKOL A461 SHL W22 TEPID W24 OSNOV G586 QP B330 ELKAL W179 OMBON B330 MORIT/BEKOL A461 SHL W22 TEPID W24 OSNOV G586 QP B330 ELKAL W179 OMBON Y1 SADAN L888 XKC A460 RULAD/BEKOL A461 SHL W22 TEPID W24 OSNOV G586 QP B330 ELKAL W179 OMBON Y1 SADAN W186 KAMUD
BEKOL-G470/L888-SGMRN,BEKOL A461 SHL W22 TEPID W24 OSNOV G586 QP B330 ELKAL W179 OMBON B330 SUNUV W197 ANDIM B215 IBANO G470 AKLAS W192 FKG A368 SARIN/BEKOL A461 SHL W22 TEPID W24 OSNOV G586 QP B330 ELKAL W179 OMBON B330 SUNUV W197 ANDIM B215 IBANO G470 AKLAS W192 FKG G588 NIRAV B206 GOPTO/BEKOL A461 SHL W22 TEPID W24 OSNOV G586 QP B330 ELKAL W179 OMBON B330 MORIT/BEKOL A461 SHL W22 TEPID W24 OSNOV G586 QP B330 ELKAL W179 WFX B213 PEXUN L888 XKC A460 RULAD/BEKOL A461 BUBDA W56 OBMEP B208 NIXAL
BEKOL-G470/L888-SGMRK,BEKOL A461 SHL W22 TEPID W24 OSNOV G586 QP B330 ELKAL W179 OMBON B330 SUNUV W197 ANDIM B215 IBANO G470 AKLAS W192 FKG A368 SARIN/BEKOL A461 SHL W22 TEPID W24 OSNOV G586 QP B330 ELKAL W179 OMBON B330 SUNUV W197 ANDIM B215 IBANO G470 AKLAS W192 FKG G588 NIRAV B206 GOPTO/BEKOL A461 SHL W22 TEPID W24 OSNOV G586 QP B330 ELKAL W179 OMBON B330 MORIT/BEKOL A461 SHL W22 TEPID W24 OSNOV G586 QP B330 ELKAL W179 WFX B213 PEXUN L888 XKC A460 RULAD/BEKOL A461 SHL W22 TEPID W24 OSNOV G586 QP B330 ELKAL W179 OMBON Y1 SADAN W186 KAMUD
BEKOL-BISUN,BEKOL A461 BUBDA W56 VYK G212 SOTMU B339 HUR B334 TGO G341 WQG B451 BISUN
BEKOL-ARGUK,BEKOL A461 BUBDA W56 VYK G212 SOTMU B339 HUR B334 TGO G212 ARGUK
TEBAK-AGAVO,TEBAK R474 WUY R343 GOSMA W82 UPMAT W56 IDPOG A581 WHA R343 PK A593 AKARA A326 IKEKA A591 AGAVO
TEBAK-ARGUK,TEBAK R474 WUY R343 GOSMA W82 UPMAT W56 VYK G212 SOTMU B339 HUR B334 TGO G212 ARGUK
TEBAK-BISUN,TEBAK R474 WUY R343 GOSMA W82 UPMAT W56 VYK G212 SOTMU B339 HUR B334 TGO G341 WQG B451 BISUN
TEBAK-GOLOT,TEBAK R474 WUY R343 GOSMA W82 UPMAT W56 VYK W34 PAMRU W244 IGMOR W36 ENVAV W243 OTBUL W35 CHG A575 BIDIB A345 GOLOT
BEKOL-G470-KAMUD,BEKOL A461 SHL W22 TEPID W24 OSNOV G586 QP B330 ELKAL W179 OMBON B330 SUNUV W197 ANDIM B215 IBANO G470 AKLAS W192 FKG B215 KABDO W119 LIMDO A468 KAMUD
TEBAK-INTIK,TEBAK R474 WUY R343 GOSMA W82 UPMAT W56 OBMEP B208 HET W32 INTIK
TEBAK-NIXAL,TEBAK R474 WUY R343 GOSMA W82 UPMAT W56 OBMEP B208 NIXAL
TEBAK-SADLI,TEBAK R474 GYA A599 POU G471 PLT A599 JTN G327 LAMEN A593 SADLI
TEBAK-SARIN,TEBAK R474 WUY R343 LBN W2 SJG B330 ELKAL W179 OMBON B330 SUNUV W197 ANDIM B215 IBANO G470 AKLAS W192 FKG A368 SARIN
TEBAK-TAMOT,TEBAK R474 GYA B330 TAMOT
TEBAK-TOMUK,TEBAK R474 WUY R343 GOSMA W82 UPMAT W56 VYK W34 VAPGU W100 ORAVA W201 UNSEK A326 SANKO B332 TOMUK
TEBAK-VHHH,TEBAK R474 GYA B330 POU R473 SIERA
TEBAK-VMMC,TEBAK R474 GYA B330 POU W7 SAREX W6 LATOP
TEBAK-WHA-SADLI,TEBAK R474 WUY R343 GOSMA W82 UPMAT W56 IDPOG A581 WHA R343 PK W116 JTN G327 LAMEN A593 SADLI
BEKOL-APSMS,BEKOL A461 BUBDA W56 VYK G212 SOTMU B339 HUR B334 TGO G212 ARGUK/BEKOL A461 BUBDA W56 OBMEP B208 HET G218 POLHO/BEKOL A461 BUBDA W56 VYK G212 SOTMU B339 HUR B334 TGO G212 HRB A588 SIMLI/BEKOL A461 SHL W22 TEPID W24 OSNOV G586 QP B330 ELKAL W179 OMBON B330 MORIT/BEKOL A461 SHL G471 PLT A599 JTN G327 LAMEN A593 SADLI
BEKOL-AGAVO,BEKOL A461 SHL G471 PLT A599 PUD A593 AKARA A326 IKEKA A591 AGAVO
ASSAD-SIKOU,ASSAD A202 SIKOU
AGAVO-W112-PURPA,AGAVO A591 IKEKA W4 HCH W200 DOVIV W55 PAMRU W34 VYK B215 YHD W199 YBL B330 GOBIN W66 NUKTI B215 IBANO W187 TUSLI W112 PURPA
AGAVO-VHHH,AGAVO A591 IKEKA A326 AKARA A593 PUD A599 NXD W131 AKDIM A470 DUBGO W134 ELNEX A599 PLT W19 NOMAR W18 NLG W23 ZUH R473 SIERA
AGAVO-TELOK,AGAVO G597 DONVO A326 SANKO W107 CHI A588 BIDIB A345 TELOK
TOMUK-TEBAK,TOMUK B332 SANKO A326 UNSEK W55 PAMRU W34 VYK W37 OLMIB W83 GOSMA R343 WUY R474 TEBAK
AGAVO-TAMOT,AGAVO A591 IKEKA A326 AKARA A593 PUD A599 NXD W131 AKDIM A470 DUBGO W134 ELNEX A599 PLT W19 NOMAR W18 TAMOT
AGAVO-SIMLI,AGAVO G597 DONVO A326 SANKO W107 CHI A588 SIMLI
AGAVO-SARIN,AGAVO A591 IKEKA W4 HCH W200 DOVIV W55 PAMRU W34 VYK B215 YHD W199 YBL B330 GOBIN W66 NUKTI B215 FKG A368 SARIN
AGAVO-RULAD,AGAVO A591 IKEKA W4 HCH W200 DOVIV W55 PAMRU W34 VYK B215 YHD W199 YBL B330 GOBIN W66 NUKTI B215 KABDO W119 GOBOK A343 RULAD
AGAVO-POLHO,AGAVO A591 IKEKA W4 HCH W200 DOVIV W55 PAMRU W34 LADIX B339 POLHO 
AGAVO-KAMUD,AGAVO A591 IKEKA W4 HCH W200 DOVIV W55 PAMRU W34 VYK B215 YHD W199 YBL B330 GOBIN W66 NUKTI B215 KABDO W119 LIMDO A468 KAMUD
AGAVO-BISUN,AGAVO G597 DONVO A326 SANKO W107 CHI A588 LJB G341 WQG B451 BISUN
AGAVO-AS,AGAVO G597 DONVO A326 SANKO W107 CHI A588 HRB G212 ARGUK/AGAVO G597 DONVO A326 SANKO W107 CHI A588 SIMLI
VMMC-TEBAK,ZUH R200 LH R339 WUY R474 TEBAK
AGAVO-ARGUK,AGAVO G597 DONVO A326 SANKO W107 CHI A588 HRB G212 ARGUK
AGAVO-W104-SARIN,AGAVO A591 IKEKA W4 HCH W200 DOVIV W55 PAMRU W34 VYK B215 LEBOM W104 VEXEB W47 IDSOT W48 DKO W66 NUKTI B215 FKG A368 SARIN
KAMUD-W186-VHHH,KAMUD W186 SADAN W187 TUSLI W112 VIKUP W191 DNC W565 XIXAN B330 KWE W181 DUDIT A599 POU R473 SIERA
BISUN-SAGAG,BISUN B451 WQG G341 TGO G212 BUMDU W47 ASAVA W45 LIN A581 QNX W136 XISLI A581 SAGAG
SAGAG-BISUN,SAGAG A581 IDPOG W56 VYK G212 SOTMU B339 HUR B334 TGO G341 WQG B451 BISUN
LINSO-BISUN,LINSO A599 SGM A581 LIN W207 AVPID B213 OBDON W56 VYK G212 SOTMU B339 HUR B334 TGO G341 WQG B451 BISUN
BISUN-LINSO,BISUN B451 WQG G341 TGO G212 VYK W37 DUBAS R343 WHA A581 QNX W136 XISLI A581 SGM A599 LINSO
AGAVO-B339-SARIN,AGAVO A591 IKEKA W4 HCH W200 DOVIV W55 PAMRU W34 LADIX B339 HUR B339 ASILA A575 UPREK W28 KEVOB W28 ATBUG W66 NUKTI B215 FKG A368 SARIN
AGAVO-B339-PURPA,AGAVO A591 IKEKA W4 HCH W200 DOVIV W55 PAMRU W34 LADIX B339 HUR B339 ASILA A575 UPREK W28 KEVOB W28 ATBUG W66 NUKTI B215 IBANO W187 TUSLI W112 PURPA
AGAVO-B339-RULAD,AGAVO A591 IKEKA W4 HCH W200 DOVIV W55 PAMRU W34 LADIX B339 HUR B339 ASILA A575 UPREK W28 KEVOB W28 ATBUG W66 NUKTI B215 KABDO W119 GOBOK A343 RULAD
AGAVO-B339-KAMUD,AGAVO A591 IKEKA W4 HCH W200 DOVIV W55 PAMRU W34 LADIX B339 HUR B339 ASILA A575 UPREK W28 KEVOB W28 ATBUG W66 NUKTI B215 KABDO W119 LIMDO A468 KAMUD
