Flight Routes for Regional Flight Routes Nr2404 (EFF202404171600UTC),
Route Code,Fly along,
RCBS-ZBTJ-01,SULEM R596 BZ A470 EMRID W135 DOGVI A470 DPX A593 DALIM W157 AVBOX,
RCBS-ZLXY-01,SULEM R596 BZ A470 EMRID W135 DOGVI W545 VEMEX W163 HFE B208 TYN W87 GODON W43 GUTRU W47 LOVRA,
RCBS-ZPPP-01,OLDID R200 LH R339 BSE A599 LXI,
RCFN-ZBTJ-01,SULEM R596 BZ A470 EMRID W135 DOGVI A470 DPX A593 DALIM W157 AVBOX,
RCKH-ZBAA-01,SULEM R596 BZ A470 EMRID W135 DOGVI A470 DPX A593 DALIM W157 AVBOX,
RCKH-ZBSJ-01,SULEM R596 BZ A470 EMRID W135 DOGVI W545 VEMEX W163 HFE B208 OBMEP W56 ORODO W62 IGDID,
RCKH-ZBTJ-01,SULEM R596 BZ A470 EMRID W135 DOGVI A470 DPX A593 DALIM W157 AVBOX,
RCKH-ZBYN-01,SULEM R596 BZ A470 EMRID W135 DOGVI W545 VEMEX W163 HFE B208 ANPIG,
RCKH-ZGGG-01,OLDID R200 GUBLO W22 SHL,
RCKH-ZGHA-01,BEKOL A461 MEXON W616 UKLUK,
RCKH-ZGKL-01,OLDID R200 GUBLO W22 TEPID W24 OSNOV G586 QP,
RCKH-ZGNN-01,OLDID R200 LH R339 WUY,
RCKH-ZGOW-01,OLDID R200 BEBEM A470 SWA,
RCKH-ZGSZ-01,OLDID R200 GUBLO,
RCKH-ZHCC-01,SULEM R596 BZ A470 EMRID W135 DOGVI W545 VEMEX W163 HFE B208 FYG W596 UNTEL,
RCKH-ZHHH-01,SULEM R596 BZ A470 EMRID W135 DOGVI W545 VEMEX W73 MADUK W51 LEGIV W164 ADGOL W50 XSH,
RCKH-ZHHH-02,BEKOL A461 BUBDA W56 UPMAT,
RCKH-ZJHK-01,OLDID R200 BIGRO G221 GIVIV W605 DOMGO,
RCKH-ZJSY-01,OLDID R200 BIGRO G221 WL,
RCKH-ZLXY-01,SULEM R596 BZ A470 EMRID W135 DOGVI W545 VEMEX W163 HFE B208 TYN W87 GODON W43 GUTRU W47 LOVRA,
RCKH-ZPPP-01,OLDID R200 LH R339 BSE A599 LXI,
RCKH-ZSAM-01,OLDID R200 BEBEM A470 TEBON,
RCKH-ZSCN-01,SULEM R596 BZ A470 EMRID W135 DOGVI W545 VEMEX W73 MADUK W51 LEGIV W164 ADGOL W50 XSH W105 PEXEK,
RCKH-ZSCN-02,BEKOL A461 SHL G471 PLT W19 OSONO,
RCKH-ZSFZ-01,SULEM R596 DST B221 LJG,
RCKH-ZSFZ-02,OLDID R200 BEBEM A470 FQG,
RCKH-ZSFZ-03,SULEM R596 OKATO M503 PONEN W122 FOC,
RCKH-ZSHC-01,SULEM R596 BZ A470 UGAGO,
RCKH-ZSJN-01,SULEM R596 BZ A470 EMRID W135 DOGVI A470 DPX A593 ABTUB,
RCKH-ZSNB-01,SULEM R596 DST B221 SHZ,
RCKH-ZSNJ-01,SULEM R596 BZ A470 EMRID W135 GOSRO,
RCKH-ZSOF-01,SULEM R596 BZ A470 EMRID W135 LUPVI R343 MADUK,
RCKH-ZSPD-01,SULEM R596 DST B221 SHZ W58 XSY,
RCKH-ZSQD-01,SULEM R596 OKATO W13 PINOT B221 IDVEL,
RCKH-ZSSS-01,SULEM R596 DST B221 SHZ G204 JTN,
RCKH-ZSTX-01,SULEM R596 BZ A470 UGAGO G204 TXN,
RCKH-ZSWZ-01,SULEM R596 DST,
RCKH-ZSXZ-01,SULEM R596 BZ A470 EMRID W135 DOGVI A470 DPX W126 DO,
RCKH-ZSYT-01,KASKA B591 MIGOL A326 IKEKA W4 FZ,
RCKH-ZUCK-01,OLDID R200 GUBLO W22 TEPID W24 OSNOV G586 QP B330 ELKAL W179 SUMUN W3 QJG,
RCKH-ZUGY-01,OLDID R200 GUBLO W22 TEPID W24 OSNOV G586 QP B330 ESNIB,
RCKH-ZUUU-01,OLDID R200 GUBLO W22 TEPID W24 OSNOV G586 QP B330 ELKAL W179 IGNAK,
RCKH-ZYCC-01,KASKA B591 MIGOL A326 SANKO W107 CHI A588 LEMOT,
RCKH-ZYHB-01,KASKA B591 MIGOL A326 SANKO W107 CHI A588 NULRA W206 MAGBI W656 ISLUK W629 LARUN,
RCKH-ZYTL-01,KASKA B591 MIGOL A326 SANKO W579 RUPID,
RCKH-ZYTX-01,KASKA B591 MIGOL A326 SANKO W107 CHI A588 TOSID,
RCMQ-ZBTJ-01,SULEM R596 BZ A470 EMRID W135 DOGVI A470 DPX A593 DALIM W157 AVBOX,
RCMQ-ZBYN-01,SULEM R596 BZ A470 EMRID W135 DOGVI W545 VEMEX W163 HFE B208 ANPIG,
RCMQ-ZGGG-01,OLDID R200 GUBLO W22 SHL,
RCMQ-ZGSZ-01,OLDID R200 GUBLO,
RCMQ-ZJHK-01,OLDID R200 BIGRO G221 GIVIV W605 DOMGO,
RCMQ-ZJSY-01,OLDID R200 BIGRO G221 WL,
RCMQ-ZLXY-01,SULEM R596 BZ A470 EMRID W135 DOGVI W545 VEMEX W163 HFE B208 TYN W87 GODON W43 GUTRU W47 LOVRA,
RCMQ-ZPPP-01,OLDID R200 LH R339 BSE A599 LXI,
RCMQ-ZSJN-01,SULEM R596 BZ A470 EMRID W135 DOGVI A470 DPX A593 ABTUB,
RCMQ-ZSNJ-01,SULEM R596 BZ A470 EMRID W135 GOSRO,
RCMQ-ZSOF-01,SULEM R596 BZ A470 EMRID W135 LUPVI R343 MADUK,
RCMQ-ZSPD-01,SULEM R596 DST B221 SHZ W58 XSY,
RCMQ-ZSQD-01,SULEM R596 OKATO W13 PINOT B221 IDVEL,
RCMQ-ZSSS-01,SULEM R596 DST B221 SHZ G204 JTN,
RCMQ-ZUCK-01,OLDID R200 GUBLO W22 TEPID W24 OSNOV G586 QP B330 ELKAL W179 SUMUN W3 QJG,
RCMQ-ZUUU-01,OLDID R200 GUBLO W22 TEPID W24 OSNOV G586 QP B330 ELKAL W179 IGNAK,
RCMQ-ZYCC-01,KASKA B591 MIGOL A326 SANKO W107 CHI A588 LEMOT,
RCMQ-ZYHB-01,KASKA B591 MIGOL A326 SANKO W107 CHI A588 NULRA W206 MAGBI W656 ISLUK W629 LARUN,
RCNN-ZBTJ-01,SULEM R596 BZ A470 EMRID W135 DOGVI A470 DPX A593 DALIM W157 AVBOX,
RCNN-ZHHH-01,SULEM R596 BZ A470 EMRID W135 DOGVI W545 VEMEX W73 MADUK W51 LEGIV W164 ADGOL W50 XSH,
RCQC-ZHHH-01,BEKOL A461 BUBDA W56 UPMAT,
RCQC-ZLXY-01,SULEM R596 BZ A470 EMRID W135 DOGVI W545 VEMEX W163 HFE B208 TYN W87 GODON W43 GUTRU W47 LOVRA,
RCSS-ZBTJ-01,SULEM R596 BZ A470 EMRID W135 DOGVI A470 DPX A593 DALIM W157 AVBOX,
RCSS-ZSAM-01,OLDID R200 BEBEM A470 TEBON,
RCSS-ZSFZ-01,SULEM R596 DST B221 LJG,
RCSS-ZSFZ-02,SULEM R596 OKATO M503 PONEN W122 FOC,
RCSS-ZSHC-01,SULEM R596 BZ A470 UGAGO,
RCSS-ZSPD-01,SULEM R596 DST B221 SHZ W58 XSY,
RCSS-ZSSS-01,SULEM R596 DST B221 SHZ G204 JTN,
RCSS-ZUCK-01,OLDID R200 GUBLO W22 TEPID W24 OSNOV G586 QP B330 ELKAL W179 SUMUN W3 QJG,
RCSS-ZUTF-01,OLDID R200 GUBLO W22 TEPID W24 OSNOV G586 QP B330 ELKAL W179 RIRKI W232 ELDUD,
RCSS-ZUUU-01,OLDID R200 GUBLO W22 TEPID W24 OSNOV G586 QP B330 ELKAL W179 IGNAK,
RCTP-ZBAA-01,SULEM R596 BZ A470 EMRID W135 DOGVI A470 DPX A593 DALIM W157 AVBOX,
RCTP-ZBHH-01,SULEM R596 BZ A470 EMRID W135 DOGVI W545 VEMEX W163 HFE B208 TODAM,
RCTP-ZBLA-01,KASKA B591 MIGOL A326 SANKO W107 CHI A588 BIDIB A345 HLD,
RCTP-ZBSJ-01,SULEM R596 BZ A470 EMRID W135 DOGVI W545 VEMEX W163 HFE B208 OBMEP W56 ORODO W62 IGDID,
RCTP-ZBTJ-01,SULEM R596 BZ A470 EMRID W135 DOGVI A470 DPX A593 DALIM W157 AVBOX,
RCTP-ZBYN-01,SULEM R596 BZ A470 EMRID W135 DOGVI W545 VEMEX W163 HFE B208 ANPIG,
RCTP-ZGDY-01,SULEM R596 BZ A470 EMRID W135 DOGVI W545 VEMEX W73 MADUK W51 LEGIV W164 ADGOL W50 XSH W80 IDGAG A581 LIN W141 DYG,
RCTP-ZGGG-01,OLDID R200 GUBLO W22 SHL,
RCTP-ZGHA-01,BEKOL A461 MEXON W616 UKLUK,
RCTP-ZGKL-01,OLDID R200 GUBLO W22 TEPID W24 OSNOV G586 QP,
RCTP-ZGNN-01,OLDID R200 LH R339 WUY,
RCTP-ZGOW-01,OLDID R200 BEBEM A470 SWA,
RCTP-ZGSZ-01,OLDID R200 GUBLO,
RCTP-ZHCC-01,SULEM R596 BZ A470 EMRID W135 DOGVI W545 VEMEX W163 HFE B208 FYG W596 UNTEL,
RCTP-ZHHH-01,SULEM R596 BZ A470 EMRID W135 DOGVI W545 VEMEX W73 MADUK W51 LEGIV W164 ADGOL W50 XSH,
RCTP-ZJHK-01,OLDID R200 BIGRO G221 GIVIV W605 DOMGO,
RCTP-ZJSY-01,OLDID R200 BIGRO G221 WL,
RCTP-ZLIC-01,SULEM R596 BZ A470 EMRID W135 DOGVI W545 VEMEX W163 HFE B208 TYN W87 GODON B215 APOGO W218 TUTGO W220 NIRUV B215 YHD,
RCTP-ZLXN-01,OLDID R200 GUBLO W22 TEPID W24 OSNOV G586 QP B330 ELKAL W179 OMBON B330 XIXAN W111 UPVOP,
RCTP-ZLXY-01,SULEM R596 BZ A470 EMRID W135 DOGVI W545 VEMEX W163 HFE B208 TYN W87 GODON W43 GUTRU W47 LOVRA,
RCTP-ZPLJ-01,OLDID R200 LH R339 BSE A599 GULOT W146 BUBSU W162 CEH,
RCTP-ZPPP-01,OLDID R200 LH R339 BSE A599 LXI,
RCTP-ZSAM-01,OLDID R200 BEBEM A470 TEBON,
RCTP-ZSCN-01,SULEM R596 BZ A470 EMRID W135 DOGVI W545 VEMEX W73 MADUK W51 LEGIV W164 ADGOL W50 XSH W105 PEXEK,
RCTP-ZSFZ-01,SULEM R596 DST B221 LJG,
RCTP-ZSFZ-02,SULEM R596 OKATO M503 PONEN W122 FOC,
RCTP-ZSHC-01,SULEM R596 BZ A470 UGAGO,
RCTP-ZSJN-01,SULEM R596 BZ A470 EMRID W135 DOGVI A470 DPX A593 ABTUB,
RCTP-ZSNB-01,SULEM R596 DST B221 SHZ,
RCTP-ZSNJ-01,SULEM R596 BZ A470 EMRID W135 GOSRO,
RCTP-ZSNT-01,SULEM R596 DST B221 SHZ G204 JTN W116 PK G330 XIREM W591 NTG,
RCTP-ZSOF-01,SULEM R596 BZ A470 EMRID W135 LUPVI R343 MADUK,
RCTP-ZSPD-01,SULEM R596 DST B221 SHZ W58 XSY,
RCTP-ZSQD-01,SULEM R596 OKATO W13 PINOT B221 IDVEL,
RCTP-ZSSH-01,SULEM R596 BZ A470 EMRID W135 DOGVI A470 OF W178 LAGAL W525 HUN,
RCTP-ZSSS-01,SULEM R596 DST B221 SHZ G204 JTN,
RCTP-ZSTX-01,SULEM R596 BZ A470 UGAGO G204 TXN,
RCTP-ZSWZ-01,SULEM R596 DST,
RCTP-ZSXZ-01,SULEM R596 BZ A470 EMRID W135 DOGVI A470 DPX W126 DO,
RCTP-ZSYA-01,SULEM R596 OKATO W13 PINOT B221 GORPI W113 YCH W185 NIXEM,
RCTP-ZSYT-01,KASKA B591 MIGOL A326 IKEKA W4 FZ,
RCTP-ZUCK-01,OLDID R200 GUBLO W22 TEPID W24 OSNOV G586 QP B330 ELKAL W179 SUMUN W3 QJG,
RCTP-ZUGY-01,OLDID R200 GUBLO W22 TEPID W24 OSNOV G586 QP B330 ESNIB,
RCTP-ZUTF-01,OLDID R200 GUBLO W22 TEPID W24 OSNOV G586 QP B330 ELKAL W179 RIRKI W232 ELDUD,
RCTP-ZUUU-01,OLDID R200 GUBLO W22 TEPID W24 OSNOV G586 QP B330 ELKAL W179 IGNAK,
RCTP-ZYCC-01,KASKA B591 MIGOL A326 SANKO W107 CHI A588 LEMOT,
RCTP-ZYHB-01,KASKA B591 MIGOL A326 SANKO W107 CHI A588 NULRA W206 MAGBI W656 ISLUK W629 LARUN,
RCTP-ZYTL-01,KASKA B591 MIGOL A326 SANKO W579 RUPID,
RCTP-ZYTX-01,KASKA B591 MIGOL A326 SANKO W107 CHI A588 TOSID,
RCYU-ZBAA-01,SULEM R596 BZ A470 EMRID W135 DOGVI A470 DPX A593 DALIM W157 AVBOX,
RCYU-ZBSJ-01,SULEM R596 BZ A470 EMRID W135 DOGVI W545 VEMEX W163 HFE B208 OBMEP W56 ORODO W62 IGDID,
RCYU-ZBTJ-01,SULEM R596 BZ A470 EMRID W135 DOGVI A470 DPX A593 DALIM W157 AVBOX,
RCYU-ZBYN-01,SULEM R596 BZ A470 EMRID W135 DOGVI W545 VEMEX W163 HFE B208 ANPIG,
RCYU-ZGGG-01,OLDID R200 GUBLO W22 SHL,
RCYU-ZGHA-01,BEKOL A461 MEXON W616 UKLUK,
RCYU-ZGKL-01,OLDID R200 GUBLO W22 TEPID W24 OSNOV G586 QP,
RCYU-ZGNN-01,OLDID R200 LH R339 WUY,
RCYU-ZGSZ-01,OLDID R200 GUBLO,
RCYU-ZHCC-01,SULEM R596 BZ A470 EMRID W135 DOGVI W545 VEMEX W163 HFE B208 FYG W596 UNTEL,
RCYU-ZHHH-01,SULEM R596 BZ A470 EMRID W135 DOGVI W545 VEMEX W73 MADUK W51 LEGIV W164 ADGOL W50 XSH,
RCYU-ZJHK-01,OLDID R200 BIGRO G221 GIVIV W605 DOMGO,
RCYU-ZJSY-01,OLDID R200 BIGRO G221 WL,
RCYU-ZLXY-01,SULEM R596 BZ A470 EMRID W135 DOGVI W545 VEMEX W163 HFE B208 TYN W87 GODON W43 GUTRU W47 LOVRA,
RCYU-ZPPP-01,OLDID R200 LH R339 BSE A599 LXI,
RCYU-ZSAM-01,OLDID R200 BEBEM A470 TEBON,
RCYU-ZSCN-01,SULEM R596 BZ A470 EMRID W135 DOGVI W545 VEMEX W73 MADUK W51 LEGIV W164 ADGOL W50 XSH W105 PEXEK,
RCYU-ZSFZ-01,SULEM R596 DST B221 LJG,
RCYU-ZSHC-01,SULEM R596 BZ A470 UGAGO,
RCYU-ZSJN-01,SULEM R596 BZ A470 EMRID W135 DOGVI A470 DPX A593 ABTUB,
RCYU-ZSNB-01,SULEM R596 DST B221 SHZ,
RCYU-ZSNJ-01,SULEM R596 BZ A470 EMRID W135 GOSRO,
RCYU-ZSOF-01,SULEM R596 BZ A470 EMRID W135 LUPVI R343 MADUK,
RCYU-ZSPD-01,SULEM R596 DST B221 SHZ W58 XSY,
RCYU-ZSQD-01,SULEM R596 OKATO W13 PINOT B221 IDVEL,
RCYU-ZSSS-01,SULEM R596 DST B221 SHZ G204 JTN,
RCYU-ZSTX-01,SULEM R596 BZ A470 UGAGO G204 TXN,
RCYU-ZSWZ-01,SULEM R596 DST,
RCYU-ZSXZ-01,SULEM R596 BZ A470 EMRID W135 DOGVI A470 DPX W126 DO,
RCYU-ZSYT-01,KASKA B591 MIGOL A326 IKEKA W4 FZ,
RCYU-ZUCK-01,OLDID R200 GUBLO W22 TEPID W24 OSNOV G586 QP B330 ELKAL W179 SUMUN W3 QJG,
RCYU-ZUGY-01,OLDID R200 GUBLO W22 TEPID W24 OSNOV G586 QP B330 ESNIB,
RCYU-ZUUU-01,OLDID R200 GUBLO W22 TEPID W24 OSNOV G586 QP B330 ELKAL W179 IGNAK,
RCYU-ZYCC-01,KASKA B591 MIGOL A326 SANKO W107 CHI A588 LEMOT,
RCYU-ZYHB-01,KASKA B591 MIGOL A326 SANKO W107 CHI A588 NULRA W206 MAGBI W656 ISLUK W629 LARUN,
RCYU-ZYTL-01,KASKA B591 MIGOL A326 SANKO W579 RUPID,
RCYU-ZYTX-01,KASKA B591 MIGOL A326 SANKO W107 CHI A588 TOSID,
VHHH-ZBAA-01,BEKOL A461 BUBDA W56 DUGEB,
VHHH-ZBAD-01,BEKOL A461 BUBDA W56 ORODO W62 TEKIL G212 BELAX,
VHHH-ZBDS-01,BEKOL A461 BUBDA W56 OBMEP B208 TYN W87 GODON B215 LEBOM W104 OMDIS,
VHHH-ZBHH-01,BEKOL A461 BUBDA W56 OBMEP B208 TODAM,
VHHH-ZBLA-01,BEKOL A461 BUBDA W56 VYK G212 SOTMU B339 HUR B334 TGO W27 IKITI A345 HLD,
VHHH-ZBSJ-01,BEKOL A461 BUBDA W56 ORODO W62 IGDID,
VHHH-ZBTJ-01,BEKOL A461 BUBDA W56 GUVRI W85 OMDEK,
VHHH-ZBYN-01,BEKOL A461 BUBDA W56 OBMEP B208 ANPIG,
VHHH-ZGDY-01,BEKOL A461 BUBDA W56 ISMED W46 LLC W138 DYG,
VHHH-ZGGG-01,BEKOL A461 SHL,
VHHH-ZGHA-01,BEKOL A461 MEXON W616 UKLUK,
VHHH-ZGKL-01,BEKOL A461 SHL W22 TEPID W24 OSNOV G586 QP,
VHHH-ZGNN-01,SIKOU R339 WUY,
VHHH-ZGOW-01,MAGOG A470 DOTMI,
VHHH-ZGSZ-01,BEKOL KEVAR,
VHHH-ZHCC-01,BEKOL A461 BUBDA W56 IGMIG,
VHHH-ZHHH-01,BEKOL A461 BUBDA W56 UPMAT,
VHHH-ZJHK-01,SIKOU A202 ISBIG W605 DOMGO,
VHHH-ZJSY-01,SIKOU A202 SAMAS G221 WL,
VHHH-ZLLL-01,BEKOL A461 SHL W22 TEPID W24 OSNOV G586 QP B330 ELKAL W179 OMBON B330 BESMI,
VHHH-ZLXY-01,BEKOL A461 SHL W22 TEPID W24 OSNOV G586 QP B330 ELKAL W179 WFX W81 NSH,
VHHH-ZPPP-01,SIKOU R339 BSE A599 LXI,
VHHH-ZSAM-01,MAGOG A470 TEBON,
VHHH-ZSCN-01,BEKOL A461 SHL G471 PLT W19 OSONO,
VHHH-ZSFZ-01,MAGOG A470 FQG,
VHHH-ZSHC-01,MAGOG A470 UGAGO,
VHHH-ZSJN-01,BEKOL A461 BUBDA W56 VADMO W4 GULEK,
VHHH-ZSNB-01,MAGOG A470 LJG B221 SHZ,
VHHH-ZSNJ-01,MAGOG A470 EMRID W135 GOSRO,
VHHH-ZSNT-01,MAGOG A470 LJG B221 SHZ G204 JTN W116 PK G330 XIREM W591 NTG,
VHHH-ZSOF-01,BEKOL A461 BUBDA W56 IDPOG A581 WHA R343 MIDOX,
VHHH-ZSPD-01,MAGOG A470 LJG B221 SHZ W58 XSY,
VHHH-ZSPD-02,LELIM M503 OKATO R596 DST B221 SHZ W58 XSY,
VHHH-ZSQD-01,MAGOG A470 LJG B221 DST W117 BEGMO W13 PINOT B221 IDVEL,
VHHH-ZSQD-02,LELIM M503 BEGMO W13 PINOT B221 IDVEL,
VHHH-ZSQZ-01,MAGOG A470 XLN,
VHHH-ZSSH-01,MAGOG A470 EMRID W135 DOGVI A470 OF W178 LAGAL W525 HUN,
VHHH-ZSSS-01,MAGOG A470 LJG B221 SHZ G204 JTN,
VHHH-ZSTX-01,BEKOL A461 SHL G471 PLT A599 ELNEX G204 TXN,
VHHH-ZSWZ-01,MAGOG A470 LJG B221 DST,
VHHH-ZSXZ-01,MAGOG A470 EMRID W135 DOGVI A470 DPX W126 DO,
VHHH-ZSYW-01,MAGOG A470 OSPAM,
VHHH-ZUCK-01,BEKOL A461 SHL W22 TEPID W24 OSNOV G586 QP B330 ELKAL W179 SUMUN W3 QJG,
VHHH-ZUGY-01,BEKOL A461 SHL W22 TEPID W24 OSNOV G586 QP B330 ESNIB,
VHHH-ZUTF-01,BEKOL A461 SHL W22 TEPID W24 OSNOV G586 QP B330 ELKAL W179 RIRKI W232 ELDUD,
VHHH-ZUUU-01,BEKOL A461 SHL W22 TEPID W24 OSNOV G586 QP B330 ELKAL W179 IGNAK,
VHHH-ZWWW-01,BEKOL A461 SHL W22 TEPID W24 OSNOV G586 QP B330 ELKAL W179 OMBON B330 SUNUV W197 ANDIM B215 IBANO G470 QTV W99 FKG B215 WUR,
VHHH-ZYCC-01,BEKOL A461 BUBDA W56 VYK G212 SOTMU B339 HUR B334 TGO G341 BUTET,
VHHH-ZYHB-01,BEKOL A461 BUBDA W56 VYK G212 SOTMU B339 HUR B334 TGO G212 RUSBO W203 PIGAM,
VHHH-ZYTL-01,BEKOL A461 BUBDA W56 VADMO W4 HCH W173 NIXEP,
VHHH-ZYTL-02,MAGOG A470 LJG B221 DST W117 BEGMO W13 PINOT B221 XDX W174 FD W172 IGDEG W173 NIXEP,
VHHH-ZYTL-03,LELIM M503 BEGMO W13 PINOT B221 XDX W174 FD W172 IGDEG W173 NIXEP,
VHHH-ZYTX-01,BEKOL A461 BUBDA W56 VYK W34 PAMRU W244 IGMOR W36 ENVAV W243 OTBUL W35 CHG A575 OMDUS,
VMMC-ZBAA-01,ZAO GUBLO W21 NUSLA W22 YIN A461 BUBDA W56 DUGEB,
VMMC-ZBAD-01,ZAO GUBLO W21 NUSLA W22 YIN A461 BUBDA W56 ORODO W62 TEKIL G212 BELAX,
VMMC-ZBSJ-01,ZAO GUBLO W21 NUSLA W22 YIN A461 BUBDA W56 ORODO W62 IGDID,
VMMC-ZBTJ-01,ZAO GUBLO W21 NUSLA W22 YIN A461 BUBDA W56 GUVRI W85 OMDEK,
VMMC-ZBYN-01,ZAO GUBLO W21 NUSLA W22 YIN A461 BUBDA W56 OBMEP B208 ANPIG,
VMMC-ZGGG-01,ZAO GUBLO W22 SHL,
VMMC-ZGHA-01,ZAO GUBLO W21 NUSLA W22 YIN A461 MEXON W616 UKLUK,
VMMC-ZGKL-01,ZAO GUBLO W21 NUSLA W22 TEPID W24 OSNOV G586 QP,
VMMC-ZGNN-01,ZUH R200 LH R339 WUY,
VMMC-ZGOW-01,MAGOG A470 DOTMI,
VMMC-ZGSZ-01,LATOP W6 NLG,
VMMC-ZHCC-01,ZAO GUBLO W21 NUSLA W22 YIN A461 BUBDA W56 IGMIG,
VMMC-ZHHH-01,ZAO GUBLO W21 NUSLA W22 YIN A461 BUBDA W56 UPMAT,
VMMC-ZJHK-01,SIKOU A202 ISBIG W605 DOMGO,
VMMC-ZJSY-01,SIKOU A202 SAMAS G221 WL,
VMMC-ZLLL-01,ZAO GUBLO W21 NUSLA W22 TEPID W24 OSNOV G586 QP B330 ELKAL W179 OMBON B330 BESMI,
VMMC-ZLXY-01,ZAO GUBLO W21 NUSLA W22 TEPID W24 OSNOV G586 QP B330 SJG W102 SHX,
VMMC-ZPPP-01,ZUH R200 LH R339 BSE A599 LXI,
VMMC-ZSAM-01,MAGOG A470 TEBON,
VMMC-ZSCN-01,ZAO GUBLO W22 SHL G471 PLT W19 OSONO,
VMMC-ZSFZ-01,MAGOG A470 FQG,
VMMC-ZSHC-01,MAGOG A470 UGAGO,
VMMC-ZSNB-01,MAGOG A470 LJG B221 SHZ,
VMMC-ZSNJ-01,MAGOG A470 EMRID W135 GOSRO,
VMMC-ZSNT-01,MAGOG A470 LJG B221 SHZ G204 JTN W116 PK G330 XIREM W591 NTG,
VMMC-ZSOF-01,ZAO GUBLO W21 NUSLA W22 YIN A461 BUBDA W56 IDPOG A581 WHA R343 MIDOX,
VMMC-ZSOF-02,MAGOG A470 EMRID W135 LUPVI R343 MADUK,
VMMC-ZSPD-01,MAGOG A470 LJG B221 SHZ W58 XSY,
VMMC-ZSPD-02,LELIM M503 OKATO R596 DST B221 SHZ W58 XSY,
VMMC-ZSQD-01,MAGOG A470 LJG B221 DST W117 BEGMO W13 PINOT B221 IDVEL,
VMMC-ZSQD-02,LELIM M503 BEGMO W13 PINOT B221 IDVEL,
VMMC-ZSSS-01,MAGOG A470 LJG B221 SHZ G204 JTN,
VMMC-ZSWZ-01,MAGOG A470 LJG B221 DST,
VMMC-ZUCK-01,ZAO GUBLO W21 NUSLA W22 TEPID W24 OSNOV G586 QP B330 ELKAL W179 SUMUN W3 QJG,
VMMC-ZUCK-02,ZAO GUBLO W22 TEPID W24 OSNOV G586 QP B330 ELKAL W179 SUMUN W3 QJG,
VMMC-ZUGY-01,ZAO GUBLO W21 NUSLA W22 TEPID W24 OSNOV G586 QP B330 ESNIB,
VMMC-ZUUU-01,ZAO GUBLO W21 NUSLA W22 TEPID W24 OSNOV G586 QP B330 ELKAL W179 IGNAK,
VMMC-ZWWW-01,ZAO GUBLO W21 NUSLA W22 TEPID W24 OSNOV G586 QP B330 ELKAL W179 OMBON B330 SUNUV W197 ANDIM B215 IBANO G470 QTV W99 FKG B215 WUR,
VMMC-ZYHB-01,ZAO GUBLO W21 NUSLA W22 YIN A461 BUBDA W56 VYK G212 SOTMU B339 HUR B334 TGO G212 RUSBO W203 PIGAM,
VMMC-ZYTX-01,ZAO GUBLO W21 NUSLA W22 YIN A461 BUBDA W56 VYK W34 PAMRU W244 IGMOR W36 ENVAV W243 OTBUL W35 CHG A575 OMDUS,
ZBAA-RCKH-01,ELKUR W40 YQG W142 DALIM A593 PK W116 JTN G327 BOLEX B591 KASKA,
ZBAA-RCTP-01,ELKUR W40 YQG W142 DALIM A593 PK W116 JTN G327 BOLEX B591 KASKA,
ZBAA-RCYU-01,ELKUR W40 YQG W142 DALIM A593 PK W116 JTN G327 BOLEX B591 KASKA,
ZBAA-VHHH-01,RUSDO W45 IPLEV B458 DADGA W37 OMBEB R473 WYN W18 NLG W23 ZUH R473 SIERA,
ZBAA-VMMC-01,RUSDO W45 IPLEV B458 DADGA W37 OMBEB R473 NOLON W90 POU W7 SAREX W6 LATOP,
ZBAD-VHHH-01,OMDEK W37 OMBEB R473 WYN W18 NLG W23 ZUH R473 SIERA,
ZBAD-VMMC-01,OMDEK W37 OMBEB R473 NOLON W90 POU W7 SAREX W6 LATOP,
ZBDS-VHHH-01,OMDIS W104 LEBOM B215 GODON W87 TYN B208 CGO W129 KAMDA W128 DUDBI W37 OMBEB R473 WYN W18 NLG W23 ZUH R473 SIERA,
ZBHH-RCTP-01,TODAM B208 CGO W129 KAMDA W128 FYG B208 HFE R343 UPLEL W95 SAPIN A470 BZ R596 SULEM,
ZBHH-VHHH-01,TODAM B208 CGO W129 KAMDA W128 DUDBI W37 OMBEB R473 WYN W18 NLG W23 ZUH R473 SIERA,
ZBLA-RCTP-01,HLD A345 BIDIB A588 CHI W107 SANKO A326 MIGOL B591 KASKA,
ZBLA-VHHH-01,HLD A345 IKITI W27 TGO G212 VYK W37 OMBEB R473 WYN W18 NLG W23 ZUH R473 SIERA,
ZBSJ-RCKH-01,UKMIS W624 OTKAB W37 GUTOV B208 HFE R343 UPLEL W95 SAPIN A470 BZ R596 SULEM,
ZBSJ-RCTP-01,UKMIS W624 OTKAB W37 GUTOV B208 HFE R343 UPLEL W95 SAPIN A470 BZ R596 SULEM,
ZBSJ-RCYU-01,UKMIS W624 OTKAB W37 GUTOV B208 HFE R343 UPLEL W95 SAPIN A470 BZ R596 SULEM,
ZBSJ-VHHH-01,UKMIS W624 OTKAB W37 OMBEB R473 WYN W18 NLG W23 ZUH R473 SIERA,
ZBSJ-VMMC-01,UKMIS W624 OTKAB W37 OMBEB R473 NOLON W90 POU W7 SAREX W6 LATOP,
ZBTJ-RCBS-01,ELKUR W40 YQG W142 DALIM A593 PK W116 JTN G327 BOLEX B591 KASKA,
ZBTJ-RCFN-01,ELKUR W40 YQG W142 DALIM A593 PK W116 JTN G327 BOLEX B591 KASKA,
ZBTJ-RCKH-01,ELKUR W40 YQG W142 DALIM A593 PK W116 JTN G327 BOLEX B591 KASKA,
ZBTJ-RCMQ-01,ELKUR W40 YQG W142 DALIM A593 PK W116 JTN G327 BOLEX B591 KASKA,
ZBTJ-RCNN-01,ELKUR W40 YQG W142 DALIM A593 PK W116 JTN G327 BOLEX B591 KASKA,
ZBTJ-RCSS-01,ELKUR W40 YQG W142 DALIM A593 PK W116 JTN G327 BOLEX B591 KASKA,
ZBTJ-RCTP-01,ELKUR W40 YQG W142 DALIM A593 PK W116 JTN G327 BOLEX B591 KASKA,
ZBTJ-RCYU-01,ELKUR W40 YQG W142 DALIM A593 PK W116 JTN G327 BOLEX B591 KASKA,
ZBTJ-VHHH-01,OMDEK W37 OMBEB R473 WYN W18 NLG W23 ZUH R473 SIERA,
ZBTJ-VMMC-01,OMDEK W37 OMBEB R473 NOLON W90 POU W7 SAREX W6 LATOP,
ZBYN-RCKH-01,BISAL W175 BIVAT W210 PADNO B208 CGO W129 KAMDA W128 FYG B208 HFE R343 UPLEL W95 SAPIN A470 BZ R596 SULEM,
ZBYN-RCMQ-01,BISAL W175 BIVAT W210 PADNO B208 CGO W129 KAMDA W128 FYG B208 HFE R343 UPLEL W95 SAPIN A470 BZ R596 SULEM,
ZBYN-RCTP-01,BISAL W175 BIVAT W210 PADNO B208 CGO W129 KAMDA W128 FYG B208 HFE R343 UPLEL W95 SAPIN A470 BZ R596 SULEM,
ZBYN-RCYU-01,BISAL W175 BIVAT W210 PADNO B208 CGO W129 KAMDA W128 FYG B208 HFE R343 UPLEL W95 SAPIN A470 BZ R596 SULEM,
ZBYN-VHHH-01,BISAL W175 BIVAT W210 PADNO B208 CGO W129 KAMDA W128 DUDBI W37 OMBEB R473 WYN W18 NLG W23 ZUH R473 SIERA,
ZBYN-VMMC-01,BISAL W175 BIVAT W210 PADNO B208 CGO W129 KAMDA W128 DUDBI W37 OMBEB R473 NOLON W90 POU W7 SAREX W6 LATOP,
ZGDY-RCTP-01,DYG W141 LIN A581 WHA R343 UPLEL W95 SAPIN A470 BZ R596 SULEM,
ZGDY-VHHH-01,DYG W138 LLC W46 VIKEB W37 OMBEB R473 WYN W18 NLG W23 ZUH R473 SIERA,
ZGDY-VMMC-01,DYG W138 LLC W46 VIKEB W37 OMBEB R473 NOLON W90 POU W7 SAREX W6 LATOP,
ZGGG-RCKH-01,VIBOS R473 SIERA,
ZGGG-RCMQ-01,VIBOS R473 SIERA,
ZGGG-RCTP-01,VIBOS R473 SIERA,
ZGGG-RCYU-01,VIBOS R473 SIERA,
ZGGG-VHHH-01,VIBOS R473 SIERA,
ZGGG-VMMC-01,SAREX W6 LATOP,
ZGHA-RCKH-01,APESO W615 IDAXI R473 WYN W18 TAMOT,
ZGHA-RCTP-01,APESO W615 IDAXI R473 WYN W18 TAMOT,
ZGHA-RCYU-01,APESO W615 IDAXI R473 WYN W18 TAMOT,
ZGHA-VHHH-01,APESO W615 IDAXI R473 WYN W18 NLG W23 ZUH R473 SIERA,
ZGHA-VMMC-01,APESO W615 IDAXI R473 NOLON W90 POU W7 SAREX W6 LATOP,
ZGKL-RCKH-01,QP B330 POU G471 SHL W22 GUBLO R200 OLDID,
ZGKL-RCTP-01,QP B330 POU G471 SHL W22 GUBLO R200 OLDID,
ZGKL-RCYU-01,QP B330 POU G471 SHL W22 GUBLO R200 OLDID,
ZGKL-VHHH-01,QP B330 POU R473 SIERA,
ZGKL-VMMC-01,QP B330 POU W7 SAREX W6 LATOP,
ZGNN-RCKH-01,WUY R474 GYA A599 POU G471 SHL W22 GUBLO R200 OLDID,
ZGNN-RCTP-01,WUY R474 GYA A599 POU G471 SHL W22 GUBLO R200 OLDID,
ZGNN-RCYU-01,WUY R474 GYA A599 POU G471 SHL W22 GUBLO R200 OLDID,
ZGNN-VHHH-01,WUY R474 GYA A599 POU R473 SIERA,
ZGNN-VMMC-01,WUY R474 GYA A599 POU W7 SAREX W6 LATOP,
ZGOW-RCKH-01,SWA A470 BEBEM R200 OLDID,
ZGOW-RCTP-01,SWA A470 BEBEM R200 OLDID,
ZGOW-VHHH-01,DOTMI A470 MAGOG,
ZGOW-VMMC-01,DOTMI A470 MAGOG,
ZGSZ-RCKH-01,GUBLO R200 OLDID,
ZGSZ-RCMQ-01,GUBLO R200 OLDID,
ZGSZ-RCTP-01,GUBLO R200 OLDID,
ZGSZ-RCYU-01,GUBLO R200 OLDID,
ZGSZ-VHHH-01,NLG W23 ZUH R473 SIERA,
ZGSZ-VMMC-01,NLG W6 LATOP,
ZHCC-RCKH-01,RUMGU W594 EPGOS W128 FYG B208 HFE R343 UPLEL W95 SAPIN A470 BZ R596 SULEM,
ZHCC-RCTP-01,RUMGU W594 EPGOS W128 FYG B208 HFE R343 UPLEL W95 SAPIN A470 BZ R596 SULEM,
ZHCC-RCYU-01,RUMGU W594 EPGOS W128 FYG B208 HFE R343 UPLEL W95 SAPIN A470 BZ R596 SULEM,
ZHCC-VHHH-01,DUDBI W37 OMBEB R473 WYN W18 NLG W23 ZUH R473 SIERA,
ZHCC-VMMC-01,DUDBI W37 OMBEB R473 NOLON W90 POU W7 SAREX W6 LATOP,
ZHHH-RCKH-01,BIVIP R343 UPLEL W95 SAPIN A470 BZ R596 SULEM,
ZHHH-RCKH-02,OLMIB W37 OMBEB R473 WYN W18 TAMOT,
ZHHH-RCNN-01,BIVIP R343 UPLEL W95 SAPIN A470 BZ R596 SULEM,
ZHHH-RCQC-01,OLMIB W37 OMBEB R473 WYN W18 TAMOT,
ZHHH-RCTP-01,BIVIP R343 UPLEL W95 SAPIN A470 BZ R596 SULEM,
ZHHH-RCYU-01,BIVIP R343 UPLEL W95 SAPIN A470 BZ R596 SULEM,
ZHHH-VHHH-01,OLMIB W37 OMBEB R473 WYN W18 NLG W23 ZUH R473 SIERA,
ZHHH-VMMC-01,OLMIB W37 OMBEB R473 NOLON W90 POU W7 SAREX W6 LATOP,
ZJHK-RCKH-01,MLT SAMAS A202 SIKOU,
ZJHK-RCMQ-01,MLT SAMAS A202 SIKOU,
ZJHK-RCTP-01,MLT SAMAS A202 SIKOU,
ZJHK-RCYU-01,MLT SAMAS A202 SIKOU,
ZJHK-VHHH-01,MLT SAMAS A202 SIKOU,
ZJHK-VMMC-01,MLT SAMAS A202 SIKOU,
ZJSY-RCKH-01,PORAP W222 SAMAS A202 SIKOU,
ZJSY-RCMQ-01,PORAP W222 SAMAS A202 SIKOU,
ZJSY-RCTP-01,PORAP W222 SAMAS A202 SIKOU,
ZJSY-RCYU-01,PORAP W222 SAMAS A202 SIKOU,
ZJSY-VHHH-01,PORAP W222 SAMAS A202 SIKOU,
ZJSY-VHHH-02,VEGDO W170 SAVNO W171 LENKO A1 IKELA,
ZJSY-VMMC-01,PORAP W222 SAMAS A202 SIKOU,
ZLIC-RCTP-01,YHD W217 UPKUN W218 APOGO B215 GODON W87 TYN B208 CGO W129 KAMDA W128 FYG B208 HFE R343 UPLEL W95 SAPIN A470 BZ R596 SULEM,
ZLLL-VHHH-01,BESMI B330 KWE W181 DUDIT A599 POU R473 SIERA,
ZLLL-VMMC-01,BESMI B330 KWE W181 DUDIT A599 POU W7 SAREX W6 LATOP,
ZLXN-RCTP-01,UPVOP W111 XIXAN B330 KWE W181 DUDIT A599 POU G471 SHL W22 GUBLO R200 OLDID,
ZLXY-RCBS-01,WJC G212 EXORI B208 CGO W129 KAMDA W128 FYG B208 HFE R343 UPLEL W95 SAPIN A470 BZ R596 SULEM,
ZLXY-RCKH-01,WJC G212 EXORI B208 CGO W129 KAMDA W128 FYG B208 HFE R343 UPLEL W95 SAPIN A470 BZ R596 SULEM,
ZLXY-RCMQ-01,WJC G212 EXORI B208 CGO W129 KAMDA W128 FYG B208 HFE R343 UPLEL W95 SAPIN A470 BZ R596 SULEM,
ZLXY-RCQC-01,WJC G212 EXORI B208 CGO W129 KAMDA W128 FYG B208 HFE R343 UPLEL W95 SAPIN A470 BZ R596 SULEM,
ZLXY-RCTP-01,WJC G212 EXORI B208 CGO W129 KAMDA W128 FYG B208 HFE R343 UPLEL W95 SAPIN A470 BZ R596 SULEM,
ZLXY-RCYU-01,WJC G212 EXORI B208 CGO W129 KAMDA W128 FYG B208 HFE R343 UPLEL W95 SAPIN A470 BZ R596 SULEM,
ZLXY-VHHH-01,NSH W30 DS W180 ELBAV W181 DUDIT A599 POU R473 SIERA,
ZLXY-VHHH-02,NSH W30 DS W180 LIDMA W182 LAGEX G586 SJG B330 POU R473 SIERA,
ZLXY-VMMC-01,NSH W30 DS W180 LIDMA W182 LAGEX G586 SJG B330 POU W7 SAREX W6 LATOP,
ZPLJ-RCTP-01,CEH W162 BUBSU W146 GULOT A599 POU G471 SHL W22 GUBLO R200 OLDID,
ZPPP-RCBS-01,LXI A599 POU G471 SHL W22 GUBLO R200 OLDID,
ZPPP-RCKH-01,LXI A599 POU G471 SHL W22 GUBLO R200 OLDID,
ZPPP-RCMQ-01,LXI A599 POU G471 SHL W22 GUBLO R200 OLDID,
ZPPP-RCTP-01,LXI A599 POU G471 SHL W22 GUBLO R200 OLDID,
ZPPP-RCYU-01,LXI A599 POU G471 SHL W22 GUBLO R200 OLDID,
ZPPP-VHHH-01,LXI A599 POU R473 SIERA,
ZPPP-VMMC-01,LXI A599 POU W7 SAREX W6 LATOP,
ZSAM-RCKH-01,NUSPA W597 IKATA A470 BEBEM R200 OLDID,
ZSAM-RCSS-01,NUSPA W597 IKATA A470 BEBEM R200 OLDID,
ZSAM-RCTP-01,NUSPA W597 IKATA A470 BEBEM R200 OLDID,
ZSAM-RCYU-01,NUSPA W597 IKATA A470 BEBEM R200 OLDID,
ZSAM-VHHH-01,NUSPA W597 IKATA A470 MAGOG,
ZSAM-VMMC-01,NUSPA W597 IKATA A470 MAGOG,
ZSCN-RCKH-01,PEXEK W105 XSH W50 HFE R343 UPLEL W95 SAPIN A470 BZ R596 SULEM,
ZSCN-RCKH-02,OSONO W19 NOMAR W18 TAMOT,
ZSCN-RCTP-01,PEXEK W105 XSH W50 HFE R343 UPLEL W95 SAPIN A470 BZ R596 SULEM,
ZSCN-RCYU-01,PEXEK W105 XSH W50 HFE R343 UPLEL W95 SAPIN A470 BZ R596 SULEM,
ZSCN-VHHH-01,OSONO W19 NOMAR W18 NLG W23 ZUH R473 SIERA,
ZSCN-VMMC-01,OSONO W19 MABAG W20 NOLON W90 POU W7 SAREX W6 LATOP,
ZSFZ-RCKH-01,LJG B221 DST R596 SULEM,
ZSFZ-RCKH-02,FQG A470 BEBEM R200 OLDID,
ZSFZ-RCSS-01,LJG B221 DST R596 SULEM,
ZSFZ-RCTP-01,LJG B221 DST R596 SULEM,
ZSFZ-RCYU-01,LJG B221 DST R596 SULEM,
ZSFZ-VHHH-01,FQG A470 MAGOG,
ZSFZ-VMMC-01,FQG A470 MAGOG,
ZSHC-RCKH-01,UGAGO A470 BZ R596 SULEM,
ZSHC-RCSS-01,UGAGO A470 BZ R596 SULEM,
ZSHC-RCTP-01,UGAGO A470 BZ R596 SULEM,
ZSHC-RCYU-01,UGAGO A470 BZ R596 SULEM,
ZSHC-VHHH-01,UGAGO A470 MAGOG,
ZSHC-VMMC-01,UGAGO A470 MAGOG,
ZSJN-RCKH-01,ABTUB A593 PK W116 JTN G327 BOLEX B591 KASKA,
ZSJN-RCMQ-01,ABTUB A593 PK W116 JTN G327 BOLEX B591 KASKA,
ZSJN-RCTP-01,ABTUB A593 PK W116 JTN G327 BOLEX B591 KASKA,
ZSJN-RCYU-01,ABTUB A593 PK W116 JTN G327 BOLEX B591 KASKA,
ZSJN-VHHH-01,GULEK W4 EKORO W37 OMBEB R473 WYN W18 NLG W23 ZUH R473 SIERA,
ZSNB-RCKH-01,SHZ B221 DST R596 SULEM,
ZSNB-RCTP-01,SHZ B221 DST R596 SULEM,
ZSNB-RCYU-01,SHZ B221 DST R596 SULEM,
ZSNB-VHHH-01,SHZ B221 LJG A470 MAGOG,
ZSNB-VMMC-01,SHZ B221 LJG A470 MAGOG,
ZSNJ-RCKH-01,TESIG A470 BZ R596 SULEM,
ZSNJ-RCMQ-01,TESIG A470 BZ R596 SULEM,
ZSNJ-RCTP-01,TESIG A470 BZ R596 SULEM,
ZSNJ-RCYU-01,TESIG A470 BZ R596 SULEM,
ZSNJ-VHHH-01,TESIG A470 MAGOG,
ZSNJ-VMMC-01,TESIG A470 MAGOG,
ZSNT-RCTP-01,NTG W591 XIREM G330 PK W116 JTN A599 NXD W131 AKDIM A470 BZ R596 SULEM,
ZSNT-VHHH-01,NTG W591 XIREM G330 PK W116 JTN A599 NXD W131 AKDIM A470 MAGOG,
ZSNT-VMMC-01,NTG W591 XIREM G330 PK W116 JTN A599 NXD W131 AKDIM A470 MAGOG,
ZSOF-RCKH-01,MADUK R343 UPLEL W95 SAPIN A470 BZ R596 SULEM,
ZSOF-RCMQ-01,MADUK R343 UPLEL W95 SAPIN A470 BZ R596 SULEM,
ZSOF-RCTP-01,MADUK R343 UPLEL W95 SAPIN A470 BZ R596 SULEM,
ZSOF-RCYU-01,MADUK R343 UPLEL W95 SAPIN A470 BZ R596 SULEM,
ZSOF-VHHH-01,IKUBA W50 XSH W80 UDUMI W37 OMBEB R473 WYN W18 NLG W23 ZUH R473 SIERA,
ZSOF-VMMC-01,MADUK R343 UPLEL W95 SAPIN A470 MAGOG,
ZSOF-VMMC-02,IKUBA W50 XSH W80 UDUMI W37 OMBEB R473 NOLON W90 POU W7 SAREX W6 LATOP,
ZSPD-RCKH-01,BOLEX B591 KASKA,
ZSPD-RCMQ-01,BOLEX B591 KASKA,
ZSPD-RCSS-01,BOLEX B591 KASKA,
ZSPD-RCTP-01,BOLEX B591 KASKA,
ZSPD-RCYU-01,BOLEX B591 KASKA,
ZSPD-VHHH-01,PONAB W13 BEGMO W117 DST B221 LJG A470 MAGOG,
ZSPD-VHHH-02,PONAB W13 BEGMO M503 LELIM,
ZSPD-VMMC-01,PONAB W13 BEGMO W117 DST B221 LJG A470 MAGOG,
ZSPD-VMMC-02,PONAB W13 BEGMO M503 LAPUG R200 BEBEM A470 MAGOG,
ZSPD-VMMC-03,PONAB W13 BEGMO M503 LELIM,
ZSQD-RCKH-01,LATUX W108 MATNU W115 PINOT W13 LASAN G327 BOLEX B591 KASKA,
ZSQD-RCMQ-01,LATUX W108 MATNU W115 PINOT W13 LASAN G327 BOLEX B591 KASKA,
ZSQD-RCTP-01,LATUX W108 MATNU W115 PINOT W13 LASAN G327 BOLEX B591 KASKA,
ZSQD-RCYU-01,LATUX W108 MATNU W115 PINOT W13 LASAN G327 BOLEX B591 KASKA,
ZSQD-VHHH-01,LATUX W108 MATNU W115 PINOT W13 BEGMO M503 LELIM,
ZSQD-VHHH-02,LATUX W108 MATNU W115 PINOT W13 BEGMO W117 DST B221 LJG A470 MAGOG,
ZSQD-VMMC-01,LATUX W108 MATNU W115 PINOT W13 BEGMO M503 LAPUG R200 BEBEM A470 MAGOG,
ZSQD-VMMC-02,LATUX W108 MATNU W115 PINOT W13 BEGMO W117 DST B221 LJG A470 MAGOG,
ZSQD-VMMC-03,LATUX W108 MATNU W115 PINOT W13 BEGMO M503 LELIM,
ZSQZ-VHHH-01,NUSPA W597 IKATA A470 MAGOG,
ZSSH-RCTP-01,HUN W525 LAGAL W178 OF A470 BZ R596 SULEM,
ZSSH-VHHH-01,HUN W525 LAGAL W178 OF A470 MAGOG,
ZSSS-RCKH-01,NXD W131 AKDIM A470 BZ R596 SULEM,
ZSSS-RCMQ-01,NXD W131 AKDIM A470 BZ R596 SULEM,
ZSSS-RCSS-01,NXD W131 AKDIM A470 BZ R596 SULEM,
ZSSS-RCSS-02,BOLEX B591 KASKA,
ZSSS-RCTP-01,NXD W131 AKDIM A470 BZ R596 SULEM,
ZSSS-RCYU-01,NXD W131 AKDIM A470 BZ R596 SULEM,
ZSSS-VHHH-01,NXD W131 AKDIM A470 MAGOG,
ZSSS-VMMC-01,NXD W131 AKDIM A470 MAGOG,
ZSTX-RCKH-01,TXN G204 UGAGO A470 BZ R596 SULEM,
ZSTX-RCTP-01,TXN G204 UGAGO A470 BZ R596 SULEM,
ZSTX-RCYU-01,TXN G204 UGAGO A470 BZ R596 SULEM,
ZSTX-VHHH-01,TXN G204 ELNEX A599 PLT W19 NOMAR W18 NLG W23 ZUH R473 SIERA,
ZSWZ-RCKH-01,DST R596 SULEM,
ZSWZ-RCTP-01,DST R596 SULEM,
ZSWZ-RCYU-01,DST R596 SULEM,
ZSWZ-VHHH-01,DST B221 LJG A470 MAGOG,
ZSWZ-VMMC-01,DST B221 LJG A470 MAGOG,
ZSXZ-RCKH-01,DO W126 DPX A470 BZ R596 SULEM,
ZSXZ-RCTP-01,DO W126 DPX A470 BZ R596 SULEM,
ZSXZ-RCYU-01,DO W126 DPX A470 BZ R596 SULEM,
ZSXZ-VHHH-01,DO W126 DPX A470 MAGOG,
ZSYA-RCTP-01,NIXEM W185 YCH W113 SOSMA W108 MATNU W115 PINOT W13 LASAN G327 BOLEX B591 KASKA,
ZSYT-RCKH-01,FZ W4 IKEKA A326 MIGOL B591 KASKA,
ZSYT-RCTP-01,FZ W4 IKEKA A326 MIGOL B591 KASKA,
ZSYT-RCYU-01,FZ W4 IKEKA A326 MIGOL B591 KASKA,
ZSYW-VHHH-01,OSPAM A470 MAGOG,
ZUCK-RCKH-01,UNRIX W180 LIDMA W182 LAGEX G586 SJG B330 POU G471 SHL W22 GUBLO R200 OLDID,
ZUCK-RCMQ-01,UNRIX W180 LIDMA W182 LAGEX G586 SJG B330 POU G471 SHL W22 GUBLO R200 OLDID,
ZUCK-RCSS-01,UNRIX W180 LIDMA W182 LAGEX G586 SJG B330 POU G471 SHL W22 GUBLO R200 OLDID,
ZUCK-RCTP-01,UNRIX W180 LIDMA W182 LAGEX G586 SJG B330 POU G471 SHL W22 GUBLO R200 OLDID,
ZUCK-RCYU-01,UNRIX W180 LIDMA W182 LAGEX G586 SJG B330 POU G471 SHL W22 GUBLO R200 OLDID,
ZUCK-VHHH-01,UNRIX W180 LIDMA W182 LAGEX G586 SJG B330 POU R473 SIERA,
ZUCK-VMMC-01,UNRIX W180 LIDMA W182 LAGEX G586 SJG B330 POU W7 SAREX W6 LATOP,
ZUGY-RCKH-01,UGUGU W182 LAGEX G586 SJG B330 POU G471 SHL W22 GUBLO R200 OLDID,
ZUGY-RCTP-01,UGUGU W182 LAGEX G586 SJG B330 POU G471 SHL W22 GUBLO R200 OLDID,
ZUGY-RCYU-01,UGUGU W182 LAGEX G586 SJG B330 POU G471 SHL W22 GUBLO R200 OLDID,
ZUGY-VHHH-01,UGUGU W182 LAGEX G586 SJG B330 POU R473 SIERA,
ZUGY-VMMC-01,UGUGU W182 LAGEX G586 SJG B330 POU W7 SAREX W6 LATOP,
ZUTF-RCSS-01,ATVAX W234 NIXID B330 KWE W181 DUDIT A599 POU G471 SHL W22 GUBLO R200 OLDID,
ZUTF-RCTP-01,ATVAX W234 NIXID B330 KWE W181 DUDIT A599 POU G471 SHL W22 GUBLO R200 OLDID,
ZUTF-VHHH-01,ATVAX W234 NIXID B330 KWE W181 DUDIT A599 POU R473 SIERA,
ZUTF-VMMC-01,ATVAX W234 NIXID B330 KWE W181 DUDIT A599 POU W7 SAREX W6 LATOP,
ZUUU-RCKH-01,IDBOR B330 KWE W181 DUDIT A599 POU G471 SHL W22 GUBLO R200 OLDID,
ZUUU-RCMQ-01,IDBOR B330 KWE W181 DUDIT A599 POU G471 SHL W22 GUBLO R200 OLDID,
ZUUU-RCSS-01,IDBOR B330 KWE W181 DUDIT A599 POU G471 SHL W22 GUBLO R200 OLDID,
ZUUU-RCTP-01,IDBOR B330 KWE W181 DUDIT A599 POU G471 SHL W22 GUBLO R200 OLDID,
ZUUU-RCYU-01,IDBOR B330 KWE W181 DUDIT A599 POU G471 SHL W22 GUBLO R200 OLDID,
ZUUU-VHHH-01,IDBOR B330 KWE W181 DUDIT A599 POU R473 SIERA,
ZUUU-VMMC-01,IDBOR B330 KWE W181 DUDIT A599 POU W7 SAREX W6 LATOP,
ZWWW-RCTP-01,WUR W190 ADPET W188 GOVSA W66 DKO W64 NUTLO B208 CGO W129 KAMDA W128 FYG B208 HFE R343 UPLEL W95 SAPIN A470 BZ R596 SULEM,
ZWWW-VHHH-01,WUR W190 ADPET W188 DAKPA W189 AKLAS W192 ESDEX W191 DNC W565 XIXAN B330 KWE W181 DUDIT A599 POU R473 SIERA,
ZWWW-VMMC-01,WUR W190 ADPET W188 DAKPA W189 AKLAS W192 ESDEX W191 DNC W565 XIXAN B330 KWE W181 DUDIT A599 POU W7 SAREX W6 LATOP,
ZYCC-RCKH-01,LEMOT A588 CHI W107 SANKO A326 MIGOL B591 KASKA,
ZYCC-RCMQ-01,LEMOT A588 CHI W107 SANKO A326 MIGOL B591 KASKA,
ZYCC-RCTP-01,LEMOT A588 CHI W107 SANKO A326 MIGOL B591 KASKA,
ZYCC-RCYU-01,LEMOT A588 CHI W107 SANKO A326 MIGOL B591 KASKA,
ZYCC-VHHH-01,BUTET G341 TGO G212 VYK W37 OMBEB R473 WYN W18 NLG W23 ZUH R473 SIERA,
ZYHB-RCKH-01,DUKIR W655 NIMEM W205 NULRA A588 CHI W107 SANKO A326 MIGOL B591 KASKA,
ZYHB-RCMQ-01,DUKIR W655 NIMEM W205 NULRA A588 CHI W107 SANKO A326 MIGOL B591 KASKA,
ZYHB-RCTP-01,DUKIR W655 NIMEM W205 NULRA A588 CHI W107 SANKO A326 MIGOL B591 KASKA,
ZYHB-RCYU-01,DUKIR W655 NIMEM W205 NULRA A588 CHI W107 SANKO A326 MIGOL B591 KASKA,
ZYHB-VHHH-01,LEGAG W204 RUSBO G212 VYK W37 OMBEB R473 WYN W18 NLG W23 ZUH R473 SIERA,
ZYHB-VMMC-01,LEGAG W204 RUSBO G212 VYK W37 OMBEB R473 NOLON W90 POU W7 SAREX W6 LATOP,
ZYTL-RCKH-01,POVAG A326 MIGOL B591 KASKA,
ZYTL-RCTP-01,POVAG A326 MIGOL B591 KASKA,
ZYTL-RCYU-01,POVAG A326 MIGOL B591 KASKA,
ZYTL-VHHH-01,KARPI W5 HCH W4 EKORO W37 OMBEB R473 WYN W18 NLG W23 ZUH R473 SIERA,
ZYTX-RCKH-01,TOSID A588 CHI W107 SANKO A326 MIGOL B591 KASKA,
ZYTX-RCTP-01,TOSID A588 CHI W107 SANKO A326 MIGOL B591 KASKA,
ZYTX-RCYU-01,TOSID A588 CHI W107 SANKO A326 MIGOL B591 KASKA,
ZYTX-VHHH-01,OMDUS A575 CHG G332 MUDAM G212 VYK W37 OMBEB R473 WYN W18 NLG W23 ZUH R473 SIERA,
ZYTX-VMMC-01,OMDUS A575 CHG G332 MUDAM G212 VYK W37 OMBEB R473 NOLON W90 POU W7 SAREX W6 LATOP,